trip_type,trip_date,trip_time,duration_sec,distance_miles,pickup_location,dropoff_location,points,tip_amount,pickup_wait_min,surge_amount
UberX,2026-04-04,10:51 PM,1887,12.69,"W 49Th St, New York, Ny, Us","94Th St, Brooklyn, Ny, Us",5,0,0,1.75
UberX,2026-04-04,10:35 PM,404,0.92,"W 58Th St, New York City, Ny, Us","W End Ave, New York City, Ny, Us",5,0,0,0
UberX,2026-04-04,10:03 PM,1102,1.37,"W 32Nd St, Manhattan, Ny, Us","W 43Rd St, New York, Ny, Us",5,0,0,0
UberX,2026-04-04,9:40 PM,1536,2.72,"W 67Th St, New York, Ny, Us","W 32Nd St, New York City, Ny, Us",5,0,0,0
UberX,2026-04-04,9:10 PM,1642,5.75,"5Th Ave, New York, Ny, Us","W 69Th St, New York, Ny, Us",5,0,0,0
UberX,2026-04-04,8:26 PM,383,0.91,"Hudson St, New York City, Ny, Us","9Th Ave, New York City, Ny, Us",5,0,0,0
UberX,2026-04-04,8:08 PM,1027,1.52,"1St Ave, New York, Ny, Us","Hudson St, New York City, Ny, Us",5,0,0,0
UberX,2026-04-04,7:51 PM,680,2.24,"Bedford Ave, New York, Ny, Us","E 1St St, New York, Ny, Us",5,4,0,0
Electric,2026-04-04,7:28 PM,887,2.27,"Lexington Ave, Brooklyn, Ny, Us","Marcy Ave, Brooklyn, Ny, Us",5,5,0,0
Electric,2026-04-04,7:20 PM,446,0.99,"Nostrand Ave, Brooklyn, Ny, Us","Madison St, Brooklyn, Ny, Us",5,0,0,0
UberX,2026-04-04,6:57 PM,563,1.44,"Sullivan Pl, Brooklyn, Ny, Us","Atlantic Ave, Brooklyn, Ny, Us",5,0,0,0
UberX,2026-04-04,6:50 PM,675,1.68,"Washington Ave, Brooklyn, Ny, Us","Montgomery St, Brooklyn, Ny, Us",5,0,0,0
UberX,2026-04-04,6:28 PM,535,1.43,"Myrtle Ave, Brooklyn, Ny, Us","Myrtle Ave, Brooklyn, Ny, Us",5,0,0,0
UberX,2026-04-04,5:11 PM,1426,2.86,"Putnam Ave, Brooklyn, Ny, Us","Dekalb Ave, Brooklyn, Ny, Us",5,0,0,0
Comfort,2026-04-04,4:53 PM,311,1.2,"Cornelia St, Brooklyn, Ny, Us","Decatur St, Ridgewood, Ny, Us",5,0,0,0
UberX,2026-04-04,4:42 PM,567,1.58,"Jefferson Ave, Brooklyn, Ny, Us","Macon St, Brooklyn, Ny, Us",5,0,0,0
UberX,2026-04-04,4:26 PM,547,1.51,"Malcolm X Blvd, Brooklyn, Ny, Us","Tompkins Ave, Brooklyn, Ny, Us",5,3,0,0
Electric,2026-04-04,4:04 PM,1063,2.19,"E New York Ave, Brooklyn, Ny, Us","Patchen Ave, Brooklyn, Ny, Us",5,0,0,0
UberX,2026-04-04,3:37 PM,1329,3.86,"Vandalia Ave, Brooklyn, Ny, Us","Empire Blvd, Brooklyn, Ny, Us",5,2.33,2.44,0
UberX,2026-04-04,3:17 PM,822,2.34,"Kings Hwy, Brooklyn, Ny, Us","Flatlands Ave, Brooklyn, Ny, Us",5,0,0.39,0
UberX,2026-04-04,3:08 PM,295,0.65,"Rutland Rd, Brooklyn, Ny, Us","Kings Hwy, Brooklyn, Ny, Us",5,0,0,0
UberX,2026-04-04,3:05 PM,175,0.58,"Newport St, Brooklyn, Ny, Us","Howard Ave, Brooklyn, Ny, Us",5,0,0,0
UberX,2026-04-04,2:50 PM,746,2.25,"Thomas S Boyland St, Brooklyn, Ny, Us","Thomas S Boyland St, Brooklyn, Ny, Us",5,0,0,0
Electric,2026-04-04,2:29 PM,487,1.74,"Belmont Ave, Brooklyn, Ny, Us","Pennsylvania Ave, Brooklyn, Ny, Us",5,0,0,0
UberX,2026-04-03,6:38 PM,2027,11.08,"Madison Ave, New York, Ny, Us","Allerton Ave, Bronx, Ny, Us",5,0,0.17,0
UberX,2026-04-03,6:02 PM,1596,5.26,"Northside Piers, Brooklyn, Ny, Us","Madison Ave, New York, Ny, Us",5,0,0,0
Electric,2026-04-03,5:41 PM,1482,3.68,"W Broadway, New York City, Ny, Us","N 5Th St, Brooklyn, Ny, Us",5,4.25,0,0
UberX,2026-04-03,4:55 PM,2635,10.21,"Terminal B, Flushing, Ny, Us","W Broadway, New York City, Ny, Us",5,10.75,3.16,0
UberX,2026-04-03,4:33 PM,742,4.83,"108Th St, Forest Hills, Ny, Us","Terminal B, Laguardia Airport (Lga), Queens, Ny, Us",5,0,0,0
Comfort,2026-04-03,4:10 PM,767,5.03,"20Th Ave, College Point, Ny, Us","108Th St, Forest Hills, Ny, Us",5,3.69,0,0
UberX,2026-04-03,3:57 PM,374,1.29,"20Th Ave, College Point, Ny, Us","126Th St, College Point, Ny, Us",5,0,0,0
UberX,2026-04-03,3:03 PM,2485,13.27,"Linden Blvd, Brooklyn, Ny, Us","20Th Ave, College Point, Ny, Us",5,0,0.39,0
Electric,2026-04-03,9:21 AM,1723,6.84,"Halsey Street, Brooklyn, Ny, Us","South St, New York City, Ny, Us",5,0,1.52,0
UberX,2026-04-03,9:07 AM,121,0.5,"Stuyvesant Ave, Brooklyn, Ny, Us","Fulton St, Brooklyn, Ny, Us",5,3,0,0
UberX,2026-04-03,8:38 AM,604,1.65,"Herkimer St, Brooklyn, Ny, Us","Saint Johns Pl, Brooklyn, Ny, Us",5,0,0,0
UberX,2026-04-03,8:12 AM,1621,5.16,"Ashford St, Brooklyn, Ny, Us","Herkimer St, Brooklyn, Ny, Us",5,0,0,0
UberX,2026-04-03,8:01 AM,436,1.03,"Pennsylvania Ave, Brooklyn, Ny, Us","Barbey St, Brooklyn, Ny, Us",5,0,0,0
Electric,2026-04-03,7:50 AM,322,0.98,"Wyona St, Brooklyn, Ny, Us","Wortman Ave, Brooklyn, Ny, Us",5,3,0,0
UberX,2026-04-03,7:24 AM,562,1.34,"Cleveland St, Brooklyn, Ny, Us","Atlantic Ave, Brooklyn, Ny, Us",1,0,0,0
UberX,2026-04-03,7:01 AM,446,1.28,"Loring Ave, Brooklyn, Ny, Us","Grant Ave, Brooklyn, Ny, Us",1,0,0,0
UberX,2026-04-03,6:50 AM,453,1.63,"Autumn Ave, Brooklyn, Ny, Us","153Rd Ave, Howard Beach, Ny, Us",1,0,0,0
Electric,2026-04-02,9:40 PM,2868,25.35,"73Rd Ave, Fresh Meadows, Ny, Us","Benson Ave, Brooklyn, Ny, Us",5,0,0,0
Electric,2026-04-02,9:22 PM,538,1.06,"Aguilar Ave, Flushing, Ny, Us","Parsons Blvd, Fresh Meadows, Ny, Us",5,0,0,0
UberX,2026-04-02,6:57 PM,729,5.14,"Terminal C Outer Arrivals Rd, New York, Ny, Us","108Th St, Forest Hills, Ny, Us",5,0,0,0
UberX,2026-04-02,6:49 PM,312,1.07,"Astoria Blvd, East Elmhurst, Ny, Us","25Th Ave, East Elmhurst, Ny, Us",5,5,0.19,0
UberX,2026-04-02,6:26 PM,1003,1.81,"43Rd Ave, Elmhurst, Ny, Us","110Th St, Corona, Ny, Us",5,0,0,0
UberX,2026-04-02,6:05 PM,394,0.97,"102Nd St, Corona, Ny, Us","Junction Blvd, Corona, Ny, Us",5,0,0.43,0
UberX,2026-04-02,5:44 PM,609,1.05,"102Nd St, Corona, Ny, Us","Granger St, Corona, Ny, Us",5,0,0,0
UberX,2026-04-02,5:25 PM,820,0.78,"Roosevelt Ave, Elmhurst, Ny, Us","Roosevelt Ave, Corona, Ny, Us",5,0,0,0
UberX,2026-04-02,4:03 PM,2726,12.41,"Martense St, Brooklyn, Ny, Us","Terminal B, Laguardia Airport (Lga), Queens, Ny, Us",5,10.75,0,0
UberX,2026-04-02,3:56 PM,439,0.76,"E 39Th St, Brooklyn, Ny, Us","Martense St, Brooklyn, Ny, Us",5,0,0,0
UberX,2026-04-02,3:08 PM,1068,3,"Flushing Ave, Brooklyn, Ny, Us","Empire Blvd, Brooklyn, Ny, Us",5,0,3,0
Electric,2026-04-02,2:33 PM,1430,3.92,"Union St, Brooklyn, Ny, Us","Morgan Ave, Brooklyn, Ny, Us",5,0,0,0
UberX,2026-04-02,2:03 PM,1450,3.61,"Montauk Ave, Brooklyn, Ny, Us","Prospect Pl, Brooklyn, Ny, Us",1,0,0,0
Electric,2026-04-02,1:11 PM,1200,3.58,"Eldert St, Brooklyn, Ny, Us","Barbey St, Brooklyn, Ny, Us",1,0,0,0
UberX,2026-03-31,8:21 PM,309,1.1,"1600 Sheepshead Bay Rd, Brooklyn, Ny, Us","Parkway Ct, Brooklyn, Ny, Us",5,0,0,0
UberX,2026-03-31,8:09 PM,311,0.73,"Sheepshead Bay Rd, Brooklyn, Ny, Us","Sheepshead Bay Rd, New York, Ny, Us",5,3,0,0
UberX,2026-03-31,7:36 PM,1847,10.47,"Rockaway Ave, Brooklyn, Ny, Us","E 12Th St, Brooklyn, Ny, Us",5,0,0,0
Share,2026-03-31,7:27 PM,368,1.3,"Junius St, Brooklyn, Ny, Us","Pitkin Ave, Brooklyn, Ny, Us",5,0,0,0
UberX,2026-03-31,7:03 PM,1074,2.65,"Gateway Dr, Brooklyn, Ny, Us","Osborn St, Brooklyn, Ny, Us",5,0,0,0
UberX,2026-03-31,6:37 PM,0,0,"Vandalia Ave, Brooklyn, Ny, Us","Vandalia Ave, Brooklyn, Ny, Us",0,0,0,0
UberX Priority,2026-03-31,6:28 PM,295,0.88,"Sutter Ave, Brooklyn, Ny, Us","Loring Ave, Brooklyn, Ny, Us",5,0,0.8,0
UberX,2026-03-31,6:02 PM,536,1.61,"Lefferts Blvd, South Richmond Hill, Ny, Us","129Th St, South Ozone Park, Ny, Us",5,0,0,0
UberX,2026-03-31,5:00 PM,503,0.88,"84Th Ave, Richmond Hill, Ny, Us","Audley St, Kew Gardens, Ny, Us",5,0,0,0
UberX,2026-03-31,4:31 PM,1322,2.75,"159Th St, Flushing, Ny, Us","Grosvenor Rd, Richmond Hill, Ny, Us",5,0,0,0
UberX,2026-03-31,3:53 PM,1800,7.48,"125Th St, College Point, Ny, Us","Utopia Pkwy, Queens, Ny, Us",5,0,0,0
UberX,2026-03-31,3:20 PM,1418,5.58,"Terminal B, Flushing, Ny, Us","117Th St, College Point, Ny, Us",5,0,0.4,0
Electric,2026-03-31,2:30 PM,2728,10.09,"W 38Th St, New York, Ny, Us","Terminal B, Laguardia Airport (Lga), Queens, Ny, Us",5,17.45,0,0
UberX Priority,2026-03-31,2:04 PM,1144,2.87,"Franklin St, New York, Ny, Us","W 33Rd St, New York City, Ny, Us",1,0,0,0
UberX,2026-03-31,1:43 PM,744,3.07,"Atlantic Ave, Brooklyn, Ny, Us","Broadway, New York City, Ny, Us",1,0,0,0
UberX,2026-03-31,12:42 PM,2935,6.71,"Crescent St, Brooklyn, Ny, Us","Atlantic Ave, Brooklyn, Ny, Us",1,0,0,0
Electric,2026-03-30,8:14 PM,498,2.73,"E 233Rd St, Bronx, Ny, Us","N Macquesten Pkwy, Mt Vernon, Ny, Us",5,0,0,0
UberX,2026-03-30,7:51 PM,1140,8.24,"W 137Th St, New York, Ny, Us","E 236Th St, Bronx, Ny, Us",5,0,0,0
UberX,2026-03-30,7:18 PM,749,2.65,"W 152Nd St, New York, Ny, Us","Richman Plz, Bronx, Ny, Us",5,0,0,0
UberX,2026-03-30,6:53 PM,775,3.78,"Vermilyea Ave, New York, Ny, Us","Dr Martin Luther King Jr Blvd, Bronx, Ny, Us",5,0,0,0
UberX,2026-03-30,6:00 PM,1830,9.18,"E 161St St, Bronx, Ny, Us","Post St, Yonkers, Ny, Us",5,0,0,0
UberX,2026-03-30,5:31 PM,911,1.17,"Westchester Ave, Bronx, Ny, Us","Grand Concourse, Bronx, Ny, Us",5,0,0.75,0
UberX,2026-03-30,5:04 PM,849,3.96,"Taylor Ave, Bronx, Ny, Us","Trinity Ave, Bronx, Ny, Us",5,0,1.64,0
Electric,2026-03-30,4:08 PM,3026,16.31,"W Broadway, New York, Ny, Us","Taylor Ave, Bronx, Ny, Us",5,0,0,0
UberX,2026-03-30,3:29 PM,1103,2.78,"Park Ave, New York, Ny, Us","Leonard St, New York, Ny, Us",5,3.61,0,0
UberX,2026-03-30,2:39 PM,644,1.55,"43Rd Ave, Sunnyside, Ny, Us","30Th St, Astoria, Ny, Us",1,0,0,0
UberX,2026-03-30,1:58 PM,1667,4.42,"Bleecker St, Ridgewood, Ny, Us","28Th St, Long Island City, Ny, Us",1,0,0,0
UberX,2026-03-30,1:44 PM,650,1.7,"Irving Ave, Brooklyn, Ny, Us","Fresh Pond Rd, Ridgewood, Ny, Us",1,0,0,0
UberX,2026-03-30,1:12 PM,698,1.99,"Schaefer St, Brooklyn, Ny, Us","Wyckoff Ave, Brooklyn, Ny, Us",1,0,0.16,0