Trip_Type,Date,Day_of_week,Time,Duration_Seconds,Distance_Miles,Pickup_Location,Dropoff_Location,Points,Tip,Pickup_Waittime_Seconds,Surge,Rider_Rating
Electric,2/4/2026,Wednesday,7:26 PM,327,0.84,"232nd St, Cambria Heights, NY, US","Dutch Broadway, Elmont, NY, US",5,3.00,31,0.00,
UberX,2/4/2026,Wednesday,6:36 PM,2350,9.98,"Linden Blvd, Brooklyn, NY, US","114th Ave, Cambria Heights, NY, US",5,0.00,0,0.00,
UberX,2/4/2026,Wednesday,5:33 PM,892,1.08,"168th St, Jamaica, NY, US","Guy R Brewer Blvd, Jamaica, NY, US",5,0.00,0,1.25,
Electric,2/4/2026,Wednesday,4:26 PM,2397,9.32,"Wortman Ave, Brooklyn, NY, US","Wexford Ter, New York, NY, US",5,0.00,0,0.00,
UberX,2/4/2026,Wednesday,3:54 PM,1293,3.00,"Bristol St, Brooklyn, NY, US","Linden Blvd, Brooklyn, NY, US",5,0.00,0,2.25,
UberX,2/4/2026,Wednesday,3:35 PM,579,0.97,"Eastern Pkwy, Brooklyn, NY, US","Pitkin Ave, Brooklyn, NY, US",5,0.00,0,3.50,
UberX,2/4/2026,Wednesday,2:57 PM,976,1.59,"Sackman St, Brooklyn, NY, US","E 93rd St, Brooklyn, NY, US",5,0.00,40,0.00,
UberX,2/4/2026,Wednesday,2:25 PM,809,1.40,"Schroeders Ave, Brooklyn, NY, US","Ashford St and Livonia Ave, Brooklyn, NY, US",0,0.00,22,0.00,
UberX,2/4/2026,Wednesday,1:48 PM,1957,5.91,"Vandalia Ave, Brooklyn, NY, US","Vandalia Ave, Brooklyn, NY, US",0,0.00,0,0.00,
UberX,2/4/2026,Wednesday,1:33 PM,537,1.83,"Lincoln Ave, Brooklyn, NY, US","Gateway Dr, Brooklyn, NY, US",0,0.00,23,0.00,
UberX,2/5/2026,Thursday,7:35 PM,600,1.75,"69th Pl, Maspeth, NY, US","64th St, Woodside, NY, US",5,0.00,0,0.00,
Comfort,2/5/2026,Thursday,7:24 PM,424,1.18,"51st Ave, Elmhurst, NY, US","67th St, Maspeth, NY, US",5,0.00,0,0.00,
UberX,2/5/2026,Thursday,6:56 PM,865,2.42,"28th St, Long Island City, NY, US","59th St, Woodside, NY, US",5,0.00,0,0.00,
Comfort,2/5/2026,Thursday,6:41 PM,588,0.91,"31st Ave, Astoria, NY, US","Broadway and 31 St, Long Island City, NY, US",5,0.00,104,0.00,
UberX,2/5/2026,Thursday,6:13 PM,935,1.80,"42nd Rd, Long Island City, NY, US","31st Ave, Astoria, NY, US",5,0.00,0,0.00,
UberX,2/5/2026,Thursday,5:34 PM,2775,5.57,"Greene Ave, Brooklyn, NY, US","Queens St, Long Island City, NY, US",5,0.00,0,1.52,
UberX,2/5/2026,Thursday,4:32 PM,1880,2.09,"Fulton St, Brooklyn, NY, US","Lincoln Pl, Brooklyn, NY, US",5,0.00,0,0.00,
UberX,2/5/2026,Thursday,4:13 PM,2105,2.17,"6th Ave, Brooklyn, NY, US","Fulton St, Brooklyn, NY, US",5,0.00,0,0.00,
UberX,2/5/2026,Thursday,3:38 PM,1011,2.09,"Flatbush Ave, Brooklyn, NY, US","6th Ave, Brooklyn, NY, US",5,0.00,392,0.00,
UberX,2/5/2026,Thursday,3:30 PM,813,0.97,"New York Ave, Brooklyn, NY, US","Flatbush Ave, Brooklyn, NY, US",5,0.00,20,0.00,
UberX,2/5/2026,Thursday,2:54 PM,1811,5.07,"Fountain Ave, Brooklyn, NY, US","Foster Ave, Brooklyn, NY, US",5,0.00,0,0.00,
UberX,2/6/2026,Friday,2:45 PM,4020,12.78,"151st Ave, Howard Beach, NY, US","Broadway, New York, NY, US",5,0.00,0,0.00,
UberX,2/6/2026,Friday,2:22 PM,504,1.19,"Pine St, Brooklyn, NY, US","Sapphire St, Brooklyn, NY, US",5,0.00,71,0.00,
Electric,2/6/2026,Friday,11:14 AM,578,0.75,"Lexington Ave, Brooklyn, NY, US","Myrtle Ave and Broadway, Brooklyn, NY, US",0,0.00,0,0.00,
Electric,2/6/2026,Friday,10:44 AM,918,2.19,"Roebling St, Brooklyn, NY, US","Willoughby Ave, Brooklyn, NY, US",0,0.00,0,0.00,
UberX,2/6/2026,Friday,10:32 AM,403,0.82,"S 5th St, Brooklyn, NY, US","N 7th St, Brooklyn, NY, US",0,3.00,9,0.00,
UberX,2/6/2026,Friday,10:21 AM,541,0.94,"S 3rd St, Brooklyn, NY, US","S 4th St, Brooklyn, NY, US",0,0.00,0,0.00,
Business Comfort,2/6/2026,Friday,9:06 AM,524,1.36,"Cooper Sq, New York City, NY, US","west 18th street, New York, NY, US",5,3.51,0,0.00,
UberX,2/6/2026,Friday,7:39 AM,3780,14.73,"Albany Ave, Brooklyn, NY, US","Baxter St, New York, NY, US",5,0.00,379,2.25,
UberX,2/6/2026,Friday,7:26 AM,783,1.84,"Flatlands Ave, Brooklyn, NY, US","E 45th St, Brooklyn, NY, US",0,0.00,0,0.00,
UberX,2/6/2026,Friday,7:07 AM,592,1.59,"Vandalia Ave, Brooklyn, NY, US","Flatlands Ave, Brooklyn, NY, US",0,0.00,0,0.00,
Comfort,2/6/2026,Friday,6:44 AM,318,0.90,"Logan St, Brooklyn, NY, US","Pitkin Ave and Euclid Ave, Brooklyn, NY, US",0,0.00,0,2.25,
UberX Priority,2/6/2026,Friday,6:40 AM,340,0.74,"Lincoln Ave, Brooklyn, NY, US","Pitkin Ave and Euclid Ave, Brooklyn, NY, US",0,0.00,0,0.00,
UberX,2/7/2026,Saturday,7:26 PM,927,2.40,"Broadway, New York, NY, US","1st Ave, New York City, NY, US",5,2.39,0,0.00,
Electric,2/7/2026,Saturday,6:55 PM,1429,3.10,"Park Ave S, New York, NY, US","Lincoln Center Plz, New York City, NY, US",5,8.52,0,1.75,
UberX,2/7/2026,Saturday,6:39 PM,991,1.96,"6th Ave, New York City, NY, US","E 20th St, New York City, NY, US",5,6.79,0,0.03,
Electric,2/7/2026,Saturday,6:15 PM,975,1.30,"Washington Sq W, New York, NY, US","6th Ave, New York City, NY, US",5,0.00,0,0.00,
UberX,2/7/2026,Saturday,6:04 PM,416,0.48,"W 12th St, New York, NY, US","Waverly Pl, New York, NY, US",5,0.00,0,2.00,
UberX,2/7/2026,Saturday,5:45 PM,1120,1.70,"E 29th St, New York, NY, US","Hudson St, New York City, NY, US",5,0.00,3,1.00,
UberX VIP,2/7/2026,Saturday,5:14 PM,1758,5.35,"William St, New York, NY, US","E 29th St, New York, NY, US",5,0.00,0,1.69,
UberX,2/7/2026,Saturday,4:25 PM,2776,28.65,"Terminal 8 John F. Kennedy International Airport (JFK), Jamaica, NY, US","William St, New York, NY, US",5,0.00,0,0.00,
Comfort,2/7/2026,Saturday,3:57 PM,1486,7.96,"Juno St, Forest Hills, NY, US","Terminal 8, John F. Kennedy International Airport (JFK), New York, NY, US",5,0.00,0,0.00,
UberX,2/7/2026,Saturday,3:48 PM,323,0.99,"108th St, Forest Hills, NY, US","Burns St, Forest Hills, NY, US",5,0.00,0,0.00,
Electric,2/7/2026,Saturday,3:13 PM,1443,5.77,"Snediker Ave, Brooklyn, NY, US","71st Ave, Forest Hills, NY, US",5,0.00,47,0.00,
UberX,2/7/2026,Saturday,3:04 PM,307,0.88,"Pitkin Ave, Brooklyn, NY, US","Grafton St, Brooklyn, NY, US",5,0.00,0,0.00,
UberX,2/8/2026,Sunday,7:00 PM,930,2.03,"Himrod St, Brooklyn, NY, US","Grand St, Brooklyn, NY, US",5,0.00,58,0.00,
UberX,2/8/2026,Sunday,4:12 PM,3051,19.81,"E 108th St, Brooklyn, NY, US","E 158th St, Bronx, NY, US",5,0.00,244,0.00,
UberX,2/8/2026,Sunday,3:59 PM,410,1.40,"Rockaway Pkwy, Brooklyn, NY, US","Glenwood Rd, Brooklyn, NY, US",5,0.00,13,0.00,
UberX,2/8/2026,Sunday,3:41 PM,310,0.91,"Howard Ave, Brooklyn, NY, US","Rockaway Pkwy, Brooklyn, NY, US",5,0.00,0,0.00,
UberX,2/8/2026,Sunday,3:34 PM,861,2.31,"Sterling St, Brooklyn, NY, US","Eastern Pkwy, Brooklyn, NY, US",5,0.00,0,0.00,
UberX,2/8/2026,Sunday,3:27 PM,478,1.55,"Bergen St, Brooklyn, NY, US","Washington Ave, Brooklyn, NY, US",5,0.00,0,0.00,
Electric,2/8/2026,Sunday,3:07 PM,420,0.91,"Saint Marks Ave, Brooklyn, NY, US","Saint Marks Ave, Brooklyn, NY, US",5,1.00,105,0.00,
UberX,2/8/2026,Sunday,2:51 PM,806,1.14,"City Point, Brooklyn, NY, US","Clinton Ave, Brooklyn, NY, US",5,1.00,0,0.00,
UberX VIP,2/8/2026,Sunday,2:00 PM,2832,10.17,"103rd St, Jamaica, NY, US","Albee Sq, Brooklyn, NY, US",5,11.71,0,0.00,
UberX,2/8/2026,Sunday,1:44 PM,681,2.97,"Euclid Ave, Brooklyn, NY, US","John F. Kennedy International Airport (JFK), Queens, NY, US",5,0.00,0,0.00,
UberX,2/9/2026,Monday,9:32 PM,936,3.44,"Bowery, New York City, NY, US","Greene Ave, Brooklyn, NY, US",5,5.79,0,0.00,
Comfort,2/9/2026,Monday,9:09 PM,1178,4.46,"Franklin St, Brooklyn, NY, US","Spring St, New York, NY, US",5,0.00,0,0.00,
UberX,2/9/2026,Monday,8:34 PM,1457,4.50,"Dean St, Brooklyn, NY, US","Dupont St, Brooklyn, NY, US",5,0.00,238,0.00,
Electric,2/9/2026,Monday,8:13 PM,526,1.41,"Myrtle Ave, Brooklyn, NY, US","Bedford Ave, Brooklyn, NY, US",5,0.00,50,0.00,
UberX,2/9/2026,Monday,7:17 PM,2964,6.76,"Ashford St, Brooklyn, NY, US","Willoughby Ave, Brooklyn, NY, US",5,0.00,31,0.00,
Electric,2/9/2026,Monday,5:58 PM,2284,5.37,"Madison St, Brooklyn, NY, US","Schroeders Ave, Brooklyn, NY, US",5,0.00,0,0.00,
UberX,2/9/2026,Monday,5:40 PM,484,1.36,"Hancock St, Ridgewood, NY, US","Harman St, Brooklyn, NY, US",5,0.00,121,0.00,
UberX,2/9/2026,Monday,5:22 PM,933,2.05,"Dean St, Brooklyn, NY, US","Centre St, Ridgewood, NY, US",5,0.00,0,0.00,
UberX,2/9/2026,Monday,4:52 PM,1238,2.09,"Pitkin Ave, Brooklyn, NY, US","Pitkin Ave, Brooklyn, NY, US",5,0.00,0,0.00,
UberX,2/11/2026,Wednesday,8:03 PM,488,1.68,"Jerome St, Brooklyn, NY, US","Dumont Ave, Brooklyn, NY, US",5,0.00,119,0.00,
UberX,2/11/2026,Wednesday,7:36 PM,1414,3.97,"Church Ave, Brooklyn, NY, US","Stanley Ave, Brooklyn, NY, US",5,0.00,106,0.00,
Electric,2/11/2026,Wednesday,6:12 PM,621,1.19,"Pine St, Brooklyn, NY, US","Wells St, Brooklyn, NY, US",5,0.00,0,0.00,
UberX,2/11/2026,Wednesday,5:48 PM,332,1.54,"John F. Kennedy International Airport (JFK), Queens, NY, US","Rockaway Blvd, Jamaica, NY, US",5,0.00,32,0.00,
UberX,2/11/2026,Wednesday,4:40 PM,3508,6.70,"Flatlands Ave, Brooklyn, NY, US","John F. Kennedy International Airport (JFK), Queens, NY, US",5,0.00,0,0.00,
UberX,2/11/2026,Wednesday,4:22 PM,294,0.42,"Ralph Ave, Brooklyn, NY, US","E 73rd St, Brooklyn, NY, US",5,0.00,140,0.00,
Electric,2/11/2026,Wednesday,3:18 PM,1499,2.83,"Ocean Ave, Brooklyn, NY, US","Mill Ave, Brooklyn, NY, US",5,3.00,0,2.00,
UberX,2/11/2026,Wednesday,2:46 PM,384,1.54,"Bedford Ave, Brooklyn, NY, US","Bragg St, Brooklyn, NY, US",0,0.00,0,0.00,
UberX,2/11/2026,Wednesday,2:33 PM,476,1.56,"Knapp St, Brooklyn, NY, US","E 22nd St, Brooklyn, NY, US",0,2.00,0,0.00,
UberX,2/11/2026,Wednesday,2:12 PM,851,2.08,"Quentin Rd, Brooklyn, NY, US","Gerritsen Ave, Brooklyn, NY, US",0,0.00,0,0.00,
UberX,2/11/2026,Wednesday,1:47 PM,1124,2.28,"55th St, Brooklyn, NY, US","Avenue P, Brooklyn, NY, US",0,0.00,0,0.00,
UberX,2/11/2026,Wednesday,1:05 PM,1999,3.18,"Flatbush Ave, Brooklyn, NY, US","18th Ave, Brooklyn, NY, US",0,0.00,0,0.00,
UberX,2/11/2026,Wednesday,12:26 PM,1884,5.27,"Blake Ave, Brooklyn, NY, US","Kenilworth Pl, Brooklyn, NY, US",0,0.00,85,0.00,
UberX,2/12/2026,Thursday,6:15 PM,2306,6.59,"Cooper Ave, Glendale, NY, US","118th St, Richmond Hill, NY, US",5,0.00,0,0.00,
UberX,2/12/2026,Thursday,6:14 PM,225,0.57,"Myrtle Ave, Glendale, NY, US","72nd Pl, Ridgewood, NY, US",5,0.00,0,2.50,
Comfort,2/12/2026,Thursday,4:19 PM,1718,2.34,"W 14th St, New York, NY, US","Crosby St, 纽约, NY, US",5,0.00,0,0.00,
Comfort,2/12/2026,Thursday,4:01 PM,832,1.48,"W 26th St, New York, NY, US","W 14th St, New York, NY, US",5,0.00,0,2.25,
Business Comfort,2/12/2026,Thursday,3:33 PM,1121,2.54,"W 57th St, New York, NY, US","W 22nd St, New York, NY, US",5,0.00,0,1.75,
UberX,2/12/2026,Thursday,2:50 PM,1961,3.57,"E 88th St, New York, NY, US","W 51st St, New York, NY, US",5,4.51,0,0.00,
UberX,2/12/2026,Thursday,2:33 PM,1081,1.43,"E 72nd St, New York, NY, US","2nd Ave, New York, NY, US",0,0.00,0,0.00,
UberX,2/12/2026,Thursday,1:29 PM,3517,19.99,"Hancock St, Brooklyn, NY, US","E 72nd St, New York, NY, US",0,12.43,0,0.00,
Electric,2/13/2026,Friday,2:59 PM,4020,13.26,"Terminal 4, John F. Kennedy International Airport (JFK), Queens, NY, US","Degraw St, Brooklyn, NY, US",5,9.08,80,0.00,
UberX,2/13/2026,Friday,2:12 PM,1867,7.33,"Miller Ave, Brooklyn, NY, US","Terminal 4, John F. Kennedy International Airport (JFK), New York, NY, US",5,0.00,0,1.00,
UberX,2/13/2026,Friday,2:07 PM,324,0.79,"Milford St, Brooklyn, NY, US","Elton St, Brooklyn, NY, US",5,0.00,0,0.00,
UberX,2/13/2026,Friday,2:01 PM,156,0.41,"Warwick St, Brooklyn, NY, US","Pitkin Ave, Brooklyn, NY, US",5,0.00,0,0.94,
Electric,2/13/2026,Friday,11:46 AM,1500,5.49,"Pitkin Ave, Brooklyn, NY, US","Queens Blvd, Elmhurst, NY, US",5,0.00,0,0.00,
UberX,2/13/2026,Friday,8:45 AM,3900,18.89,"Rockaway Pkwy, Brooklyn, NY, US","Montague St, Brooklyn, NY, US",5,0.00,0,2.25,
UberX,2/13/2026,Friday,8:03 AM,910,2.19,"Sutter Ave, Brooklyn, NY, US","Ardsley Loop, Brooklyn, NY, US",5,0.00,0,0.00,
UberX,2/13/2026,Friday,7:42 AM,682,1.26,"New Jersey Ave, Brooklyn, NY, US","Alabama Ave, Brooklyn, NY, US",5,0.00,0,2.75,
UberX,2/13/2026,Friday,7:18 AM,1283,2.98,"E 81st St, Brooklyn, NY, US","Pennsylvania Ave, Brooklyn, NY, US",0,0.00,0,1.25,
UberX,2/13/2026,Friday,7:13 AM,318,0.97,"E 86th St, Brooklyn, NY, US","Foster Ave, Brooklyn, NY, US",0,0.00,0,9.98,
UberX,2/13/2026,Friday,6:48 AM,1045,3.54,"Autumn Ave, Brooklyn, NY, US","Avenue D, Brooklyn, NY, US",0,0.00,0,0.00,
Comfort,2/14/2026,Saturday,3:41 PM,1174,2.87,"Bushwick Ave, Brooklyn, NY, US","Delancey St, New York City, NY, US",5,2.75,304,0.00,
UberX,2/14/2026,Saturday,2:52 PM,1515,3.18,"Fulton St, Brooklyn, NY, US","Bedford Ave, Brooklyn, NY, US",5,0.00,0,0.00,
UberX,2/14/2026,Saturday,2:39 PM,1233,3.31,"Bedford Ave, Brooklyn, NY, US","Fulton St, Brooklyn, NY, US",5,0.00,0,0.00,
Electric,2/14/2026,Saturday,2:06 PM,1443,4.25,"Powell St, Brooklyn, NY, US","Cortelyou Rd, Brooklyn, NY, US",5,0.00,126,1.50,
UberX,2/14/2026,Saturday,1:50 PM,281,0.65,"Logan St, Brooklyn, NY, US","Pitkin Ave and Euclid Ave, Brooklyn, NY, US",5,0.00,0,0.00,
UberX,2/14/2026,Saturday,12:44 PM,2581,5.65,"Flushing Ave, Brooklyn, NY, US","Schroeders Ave, Brooklyn, NY, US",5,0.00,0,1.25,
UberX,2/14/2026,Saturday,12:43 PM,706,0.75,"Broadway, Brooklyn, NY, US","Flushing Ave, Brooklyn, NY, US",5,0.00,22,0.00,
UberX,2/14/2026,Saturday,12:19 PM,1214,2.90,"Nostrand Ave, Brooklyn, NY, US","Broadway, Brooklyn, NY, US",5,0.00,0,2.25,
UberX,2/14/2026,Saturday,11:46 AM,884,2.63,"Malcolm X Blvd, Brooklyn, NY, US","Crown St, Brooklyn, NY, US",5,0.00,0,1.75,
UberX,2/14/2026,Saturday,11:18 AM,2002,4.37,"Wortman Ave, Brooklyn, NY, US","Macon St, Brooklyn, NY, US",0,0.00,0,0.00,
UberX,2/14/2026,Saturday,11:06 AM,352,0.94,"Vandalia Ave, Brooklyn, NY, US","Wortman Ave, Brooklyn, NY, US",0,0.00,244,0.00,
UberX,2/14/2026,Saturday,10:56 AM,609,1.69,"Pitkin Ave and Euclid Ave, Brooklyn, NY, US","Vandalia Ave, Brooklyn, NY, US",0,0.00,0,0.00,
UberX,2/15/2026,Sunday,2:57 PM,2483,8.41,"70th Ave, Ridgewood, NY, US","W 53rd St, New York, NY, US",5,0.00,0,0.00,
UberX,2/15/2026,Sunday,2:29 PM,1467,3.92,"Ashford St, Brooklyn, NY, US","Myrtle Ave, Ridgewood, NY, US",5,0.00,0,0.00,
UberX,2/15/2026,Sunday,2:22 PM,556,1.50,"Linden Blvd, Brooklyn, NY, US","Ashford St and Livonia Ave, Brooklyn, NY, US",5,0.00,0,0.00,
UberX VIP,2/15/2026,Sunday,12:54 PM,2882,16.59,"E 34th St, Brooklyn, NY, US","Grand Central Pkwy, Floral Park, NY, US",5,18.96,0,0.00,
Electric,2/15/2026,Sunday,12:36 PM,610,1.69,"Bedford Ave, Brooklyn, NY, US","Clarendon Rd, Brooklyn, NY, US",5,0.00,0,0.00,
UberX,2/15/2026,Sunday,12:16 PM,1003,2.43,"Ashland Pl, Brooklyn, NY, US","Rogers Ave, Brooklyn, NY, US",5,3.44,0,3.25,
UberX,2/15/2026,Sunday,11:54 AM,1015,2.22,"Eastern Pkwy, Brooklyn, NY, US","City Point, Brooklyn, NY, US",5,0.00,0,0.00,
UberX,2/15/2026,Sunday,11:21 AM,1310,3.45,"Broadway, Brooklyn, NY, US","Lincoln Pl, Brooklyn, NY, US",0,2.25,0,0.00,
UberX,2/15/2026,Sunday,11:07 AM,1011,3.00,"Ashford St, Brooklyn, NY, US","Hancock St, Brooklyn, NY, US",0,0.00,0,0.00,
Electric,2/15/2026,Sunday,10:40 AM,1043,3.48,"Eldert St, Brooklyn, NY, US","Cleveland St, Brooklyn, NY, US",0,0.00,0,0.00,
Electric,2/15/2026,Sunday,10:18 AM,786,2.70,"Gateway Dr, Brooklyn, NY, US","Miller Ave, Brooklyn, NY, US",0,0.00,0,0.00,
UberX,2/15/2026,Sunday,10:04 AM,514,1.89,"Blake Ave, Brooklyn, NY, US","Gateway Dr, Brooklyn, NY, US",0,0.00,169,0.00,
UberX,2/20/2026,Friday,10:34 AM,1891,3.42,"Fifth Ave, New York City, NY, US","W Broadway, New York City, NY, US",0,0.00,224,0.00,
UberX,2/20/2026,Friday,10:00 AM,1949,9.63,"Luquer St, Brooklyn, NY, US","Madison Ave, New York City, NY, US",0,7.32,0,0.00,
UberX,2/20/2026,Friday,9:17 AM,642,1.42,"Myrtle Ave, Brooklyn, NY, US","Schermerhorn St, Brooklyn, NY, US",5,3.00,3,0.00,
Electric,2/20/2026,Friday,9:10 AM,596,1.46,"Clinton St, Brooklyn, NY, US","Vanderbilt Ave, Brooklyn, NY, US",5,3.00,0,0.00,
UberX,2/20/2026,Friday,8:55 AM,766,1.30,"Ashland Pl, Brooklyn, NY, US","Court St, Brooklyn, NY, US",5,3.00,0,5.00,
Electric,2/20/2026,Friday,8:11 AM,1605,4.35,"Saint Marks Ave, Brooklyn, NY, US","Dekalb Ave, Brooklyn, NY, US",5,0.00,31,0.00,
UberX,2/20/2026,Friday,7:49 AM,982,2.31,"Fountain Ave, Brooklyn, NY, US","Amboy St, Brooklyn, NY, US",5,0.00,6,0.00,
UberX,2/20/2026,Friday,6:43 AM,2260,22.05,"W 138th St, New York, NY, US","226th St, Laurelton, NY, US",0,0.00,311,1.25,
UberX,2/20/2026,Friday,6:17 AM,1185,9.67,"39th Ave, Corona, NY, US","W 145 St, New York City, NY, US",0,0.00,0,0.00,
UberX,2/20/2026,Friday,5:57 AM,1138,9.35,"Hooper St, Brooklyn, NY, US","35th Ave, Corona, NY, US",0,3.00,0,0.00,
UberX,2/20/2026,Friday,5:31 AM,1336,5.31,"Autumn Ave, Brooklyn, NY, US","Varet St, Brooklyn, NY, US",0,2.94,0,0.00,
UberX,2/21/2026,Saturday,9:50 PM,969,3.32,"Lorimer St, Brooklyn, NY, US","46th St, Sunnyside, NY, US",5,0.00,0,0.00,
UberX,2/21/2026,Saturday,9:42 PM,242,0.49,"Bedford Ave, Brooklyn, NY, US","N 9th St, Brooklyn, NY, US",5,1.00,0,0.00,
UberX,2/21/2026,Saturday,9:33 PM,263,0.54,"N 5th St, Brooklyn, NY, US","530 Driggs Ave, Brooklyn, NY, US",5,0.00,3,0.00,
UberX,2/21/2026,Saturday,9:06 PM,1385,2.54,"Harrison Pl, Brooklyn, NY, US","N Fourth Pl, Brooklyn, NY, US",5,0.00,0,0.00,
UberX,2/21/2026,Saturday,8:58 PM,352,1.24,"Greene Ave, Brooklyn, NY, US","Knickerbocker Ave, Brooklyn, NY, US",5,0.00,0,0.00,
UberX,2/21/2026,Saturday,8:36 PM,1006,3.93,"Dupont St, Brooklyn, NY, US","Wyckoff Ave, Brooklyn, NY, US",5,1.00,0,0.00,
UberX,2/21/2026,Saturday,8:23 PM,567,2.04,"Grand St, Brooklyn, NY, US","Box St, Brooklyn, NY, US",5,0.00,0,0.00,
UberX,2/21/2026,Saturday,7:59 PM,1166,3.37,"City Point, Brooklyn, NY, US","S 2nd St, Brooklyn, NY, US",5,0.00,0,1.75,
UberX,2/21/2026,Saturday,7:38 PM,678,1.82,"Macdougal St, New York City, NY, US","Nassau St, New York, NY, US",5,0.00,0,1.75,
UberX,2/21/2026,Saturday,7:22 PM,621,1.09,"Charles St, New York, NY, US","Macdougal St, New York City, NY, US",5,0.00,0,2.00,
UberX,2/21/2026,Saturday,6:28 PM,2700,10.45,"Riverdale Ave, Brooklyn, NY, US","West St, New York, NY, US",5,0.00,0,2.25,
UberX,2/21/2026,Saturday,6:15 PM,884,2.43,"Cleveland St, Brooklyn, NY, US","Newport St, Brooklyn, NY, US",5,0.00,0,0.00,
Electric,2/21/2026,Saturday,2:58 PM,3004,6.84,"Drew St, Brooklyn, NY, US","S 2nd St, Brooklyn, NY, US",5,0.00,106,0.00,
Business Comfort,2/21/2026,Saturday,1:41 PM,1828,5.43,"N Conduit Ave, Jamaica, NY, US","Green Acres Rd, Valley Stream, NY, US",5,0.00,0,0.00,
UberX,2/21/2026,Saturday,1:13 PM,808,5.94,"Autumn Ave, Brooklyn, NY, US","N Boundary Rd, Jamaica, NY, US",5,0.00,19,0.00,
Comfort,2/26/2026,Thursday,2:30 PM,3780,17.49,"103rd St, Jamaica, NY, US","Saint Marks Pl, New York, NY, US",5,0.00,0,0.00,
Electric,2/26/2026,Thursday,2:08 PM,559,2.57,"Loring Ave, Brooklyn, NY, US","John F. Kennedy International Airport (JFK), Queens, NY, US",0,0.00,0,0.00,
UberX,2/27/2026,Friday,10:58 AM,246,0.46,"E 224th St, Bronx, NY, US","White Plains Rd, Bronx, NY, US",0,0.00,135,0.00,
UberX,2/27/2026,Friday,10:44 AM,495,1.88,"Seton Ave, Bronx, NY, US","Schieffelin Ave, Bronx, NY, US",0,0.00,0,0.00,
UberX,2/27/2026,Friday,10:25 AM,753,2.35,"Mickle Ave, Bronx, NY, US","Seton Ave, Bronx, NY, US",0,0.00,0,0.00,
UberX,2/27/2026,Friday,9:59 AM,505,1.59,"Tecumseh Ave, Mount Vernon, NY, US","Dyre Ave, Bronx, NY, US",5,0.00,7,1.75,
UberX,2/27/2026,Friday,9:15 AM,2292,17.18,"Fresh Pond Rd, Ridgewood, NY, US","S Columbus Ave, Mount Vernon, NY, US",5,0.00,130,0.00,
UberX,2/27/2026,Friday,8:38 AM,1995,10.16,"Terminal C | Express Dropoff, Checked-In, LaGuardia Airport (LGA), Queens, NY, US","Fresh Pond Rd, Ridgewood, NY, US",5,0.00,0,0.00,
UberX,2/27/2026,Friday,7:54 AM,2254,7.82,"W 56th St, New York City, NY, US","Terminal B, LaGuardia Airport (LGA), Queens, NY, US",5,8.15,0,0.00,
Comfort Electric,2/27/2026,Friday,7:40 AM,812,1.53,"3rd Ave, New York, NY, US","W 56th St, New York City, NY, US",0,0.00,0,0.00,
UberX,2/27/2026,Friday,7:22 AM,497,1.45,"1st Ave, New York, NY, US","Park Ave, New York, NY, US",0,3.00,0,0.00,
UberX,2/27/2026,Friday,6:51 AM,1346,6.23,"Main St, New York, NY, US","FDR Dr, New York, NY, US",0,0.00,0,0.00,
UberX,2/27/2026,Friday,6:11 AM,1427,4.74,"Dekalb Ave, Brooklyn, NY, US","11th St, Long Island City, NY, US",0,0.00,10,2.25,
UberX,2/27/2026,Friday,5:36 AM,1919,5.52,"Eldert Ln, Brooklyn, NY, US","Broadway, New York City, NY, US",0,0.00,0,0.00,
UberX,3/2/2026,Monday,3:45 PM,1892,6.17,"Quincy St, Brooklyn, NY, US","W 30th St, New York, NY, US",5,0.00,0,0.00,
UberX,3/2/2026,Monday,2:22 PM,2293,4.48,"Lafayette Ave, Brooklyn, NY, US","5th Ave, Brooklyn, NY, US",5,5.00,0,0.00,
UberX,3/2/2026,Monday,1:48 PM,1854,4.03,"Williams Ave, Brooklyn, NY, US","Lafayette Ave, Brooklyn, NY, US",0,0.00,98,0.00,
UberX,3/2/2026,Monday,1:03 PM,1195,3.55,"E 34th St, Brooklyn, NY, US","E 101st St, Brooklyn, NY, US",0,0.00,5,0.00,
UberX,3/2/2026,Monday,12:20 PM,1823,5.34,"Euclid Ave, Brooklyn, NY, US","Flatbush Ave, Brooklyn, NY, US",0,0.00,46,0.00,
Electric,3/2/2026,Monday,1:26 PM,936,2.77,"Avenue J, Brooklyn, NY, US","Alabama Ave, Brooklyn, NY, US",0,0.00,0,0.00,
UberX,3/4/2026,Wednesday,2:42 PM,519,1.48,"Ocean Pkwy, Brooklyn, NY, US","Prospect Park W, Brooklyn, NY, US",0,0.00,0,0.00,
UberX,3/4/2026,Wednesday,1:51 PM,2557,6.22,"Shepherd Ave, Brooklyn, NY, US","Beverley Rd, Brooklyn, NY, US",0,0.00,0,0.00,
UberX,3/4/2026,Wednesday,1:34 PM,486,1.44,"Stanley Ave, Brooklyn, NY, US","New Lots Ave and Van Sinderen Ave, Brooklyn, NY, US",0,0.00,70,0.00,
Electric,3/4/2026,Wednesday,1:11 PM,634,1.78,"Hemlock St, Brooklyn, NY, US","Gateway Dr, Brooklyn, NY, US",0,0.00,0,0.00,
Share,3/4/2026,Wednesday,1:43 PM,581,1.47,"New Lots Ave, Brooklyn, NY, US","Hegeman Ave, Brooklyn, NY, US",0,0.00,0,0.00,
Comfort,3/5/2026,Thursday,3:37 PM,1149,2.32,"Bushwick Ave, Brooklyn, NY, US","Myrtle Ave, Brooklyn, NY, US",5,0.00,0,0.00,
UberX,3/6/2026,Friday,2:58 PM,1551,6.59,"DeWitt Ave, Brooklyn, NY, US","Kings Plz, Brooklyn, NY, US",5,0.00,0,0.00,
UberX,3/6/2026,Friday,2:55 PM,618,1.15,"Cleveland St, Brooklyn, NY, US","Hinsdale St, Brooklyn, NY, US",5,0.00,0,0.00,
UberX,3/6/2026,Friday,2:05 PM,1571,3.82,"McKinley Ave, Brooklyn, NY, US","McKinley Ave, Brooklyn, NY, US",5,0.00,0,0.00,
UberX,3/6/2026,Friday,9:54 AM,1142,4.31,"E 94th St, Brooklyn, NY, US","Foster Ave, Brooklyn, NY, US",5,0.00,149,0.00,
UberX,3/6/2026,Friday,9:47 AM,378,1.27,"Flatlands Ave, Brooklyn, NY, US","Flatlands Ave, Brooklyn, NY, US",5,0.00,0,0.00,
UberX,3/6/2026,Friday,9:09 AM,1303,4.54,"Sutter Ave, Brooklyn, NY, US","Ralph Ave, Brooklyn, NY, US",5,0.00,0,0.00,
UberX,3/6/2026,Friday,8:25 AM,978,3.42,"N Conduit Ave, Springfield Gardens, NY, US","W Hawthorne Ave, Valley Stream, NY, US",5,0.00,0,0.00,
UberX,3/6/2026,Friday,7:36 AM,1081,4.47,"157th St, Jamaica, NY, US","West Cir, Valley Stream, NY, US",5,0.00,0,0.00,
UberX,3/6/2026,Friday,7:36 AM,670,1.76,"Sutphin Blvd, Jamaica, NY, US","Guy R Brewer Blvd, Jamaica, NY, US",0,0.00,0,0.00,
UberX,3/6/2026,Friday,7:21 AM,589,1.10,"126th St, Richmond Hill, NY, US","Sutphin Blvd, Jamaica, NY, US",0,0.00,0,0.00,
UberX,3/6/2026,Friday,6:46 AM,662,3.14,"48th Ave, Corona, NY, US","Kew Gardens Rd, Kew Gardens, NY, US",0,0.00,0,0.00,
UberX,3/6/2026,Friday,6:13 AM,1147,8.75,"St Anns Ave, Bronx, NY, US","Van Cleef St, Corona, NY, US",0,0.00,0,0.00,
UberX,3/6/2026,Friday,5:46 AM,2056,16.68,"Logan St, Brooklyn, NY, US","Saint Anns Ave, Bronx, NY, US",0,0.00,0,0.00,
UberX,3/6/2026,Friday,5:37 AM,240,0.61,"Pine St, Brooklyn, NY, US","Crescent St, Brooklyn, NY, US",0,0.00,0,0.00,
Electric,3/6/2026,Friday,1:57 PM,292,0.78,"Pitkin Ave and Euclid Ave, Brooklyn, NY, US","Liberty Ave, Brooklyn, NY, US",5,0.00,0,0.00,
UberX,3/9/2026,Monday,2:31 PM,149,0.52,"Marine Ave, Brooklyn, NY, US","89th St, Brooklyn, NY, US",0,1.00,0,0.00,
UberX,3/9/2026,Monday,1:50 PM,2260,8.67,"Madison St, Brooklyn, NY, US","7th Ave, Brooklyn, NY, US",0,0.00,0,0.00,
UberX,3/9/2026,Monday,10:42 AM,560,1.36,"Clermont Ave, Brooklyn, NY, US","Vanderbilt Ave, Brooklyn, NY, US",0,0.00,0,0.00,
UberX,3/9/2026,Monday,10:23 AM,653,1.07,"Hanson Pl, Brooklyn, NY, US","Gold St, Brooklyn, NY, US",0,0.00,0,0.00,
UberX,3/9/2026,Monday,9:51 AM,1202,2.92,"Linden Blvd, Brooklyn, NY, US","Flatbush Ave, Brooklyn, NY, US",5,0.00,50,0.00,
UberX,3/9/2026,Monday,9:06 AM,2117,6.08,"Euclid Ave, Brooklyn, NY, US","Linden Blvd, Brooklyn, NY, US",5,0.00,0,0.00,
UberX,3/9/2026,Monday,8:45 AM,440,1.80,"81st St, Howard Beach, NY, US","Woodhaven Blvd, Queens, NY, US",5,0.00,0,0.00,
UberX,3/9/2026,Monday,8:38 AM,201,0.75,"Huron St, Howard Beach, NY, US","Cross Bay Blvd, Howard Beach, NY, US",5,0.00,0,0.00,
UberX,3/9/2026,Monday,7:30 AM,2661,9.49,"Jefferson Ave, Brooklyn, NY, US","JFK Expy and S Cargo Rd, New York, NY, US",5,10.72,0,0.00,
UberX Priority,3/9/2026,Monday,6:43 AM,1136,2.72,"2330 Linden Blvd, New York, NY, US","Van Sinderen Ave, Brooklyn, NY, US",0,0.00,0,1.00,
Share,3/9/2026,Monday,9:02 AM,306,0.82,"78th St, Ozone Park, NY, US","Jamaica Ave, Woodhaven, NY, US",5,0.00,0,0.00,
UberX,3/12/2026,Thursday,9:57 AM,1080,0.63,"E 53rd St, New York, NY, US","W 49th St, New York, NY, US",5,0.00,0,0.00,
UberX,3/12/2026,Thursday,9:27 AM,400,0.76,"E 63rd St, New York, NY, US","Park Ave, New York, NY, US",5,0.00,0,2.00,
UberX,3/12/2026,Thursday,8:55 AM,889,1.89,"E 78th St, New York, NY, US","Madison Ave, New York, NY, US",5,0.00,52,9.25,
UberX,3/12/2026,Thursday,8:07 AM,731,1.64,"10th Ave, New York, NY, US","E 28th St, New York City, NY, US",5,0.00,0,7.25,
UberX,3/12/2026,Thursday,7:23 AM,1230,4.06,"Clermont Ave, Brooklyn, NY, US","Hudson St, New York City, NY, US",5,0.00,0,2.50,
UberX,3/12/2026,Thursday,7:07 AM,1283,3.30,"Frost St, Brooklyn, NY, US","Myrtle Ave, Brooklyn, NY, US",0,0.00,101,0.00,
UberX,3/12/2026,Thursday,6:32 AM,1797,5.08,"Warwick St, Brooklyn, NY, US","Metropolitan Ave, Ridgewood, NY, US",0,0.00,0,0.00,
Comfort,3/12/2026,Thursday,7:55 AM,371,1.65,"Hudson St, New York City, NY, US","10th Ave, New York City, NY, US",5,0.00,0,10.53,
Electric,3/12/2026,Thursday,10:23 AM,1148,1.48,"W 35th St, New York City, NY, US","E 23rd St, New York City, NY, US",0,4.71,0,0.00,
UberX,3/17/2026,Tuesday,5:56 PM,367,0.68,"1206 E New York Ave, Brooklyn, NY, US","Lincoln Pl, Brooklyn, NY, US",5,0.00,0,0.00,
UberX,3/17/2026,Tuesday,4:27 PM,327,0.56,"Pitt St, New York, NY, US","E Houston St, New York, NY, US",5,0.00,73,0.00,
UberX,3/17/2026,Tuesday,4:06 PM,1122,2.20,"7th Ave, New York, NY, US","Delancey St, New York City, NY, US",5,0.00,0,0.00,
UberX,3/17/2026,Tuesday,3:40 PM,1012,2.48,"W 45th St, New York, NY, US","W 17th St, New York City, NY, US",5,0.00,0,0.00,
UberX,3/17/2026,Tuesday,1:35 PM,506,1.28,"Decatur St, Brooklyn, NY, US","Van Sinderen Ave, Brooklyn, NY, US",0,0.00,11,0.00,
UberX,3/17/2026,Tuesday,11:06 AM,1501,3.09,"E New York Ave, Brooklyn, NY, US","E 81st St, Brooklyn, NY, US",0,0.00,0,0.00,
UberX,3/17/2026,Tuesday,10:52 AM,1439,4.55,"Atlantic Ave, Brooklyn, NY, US","Mother Gaston Blvd, Brooklyn, NY, US",0,0.00,0,0.00,
UberX,3/17/2026,Tuesday,10:30 AM,1900,4.77,"Livonia Ave, Brooklyn, NY, US","Atlantic Ave, Brooklyn, NY, US",0,0.00,0,0.00,
UberX,3/17/2026,Tuesday,8:58 AM,1408,7.44,"Pennsylvania Ave, Brooklyn, NY, US","Ocean Ave, Brooklyn, NY, US",5,0.00,0,0.00,
UberX,3/17/2026,Tuesday,8:39 AM,1052,3.48,"Montauk Ave, Brooklyn, NY, US","Louisiana Ave, Brooklyn, NY, US",5,0.00,0,0.00,
UberX,3/17/2026,Tuesday,8:19 AM,669,1.79,"Schenck Ave, Brooklyn, NY, US","Pitkin Ave and Euclid Ave, Brooklyn, NY, US",5,0.00,0,0.00,
UberX,3/17/2026,Tuesday,8:17 AM,229,1.00,"Linden Blvd, Brooklyn, NY, US","Van Siclen Ave, Brooklyn, NY, US",5,0.00,0,0.00,
Electric,3/17/2026,Tuesday,6:06 PM,497,0.93,"E New York Ave, Brooklyn, NY, US","Grafton St, Brooklyn, NY, US",5,0.00,28,0.00,
Electric,3/17/2026,Tuesday,2:44 PM,907,1.33,"Gramercy Park S, New York City, NY, US","Park Ave, New York City, NY, US",5,0.00,0,0.00,
Electric,3/17/2026,Tuesday,1:57 PM,2448,6.85,"Prescott Pl, Brooklyn, NY, US","Union Sq E, New York, NY, US",0,0.00,0,0.00,
Electric,3/17/2026,Tuesday,9:43 AM,1254,3.89,"Avenue K, Brooklyn, NY, US","Park Pl, Brooklyn, NY, US",5,2.85,0,0.00,
UberX,3/19/2026,Thursday,5:11 PM,1034,1.80,"e new york ave, Brooklyn, NY, US","Bedford Ave, Brooklyn, NY, US",5,0.00,0,0.00,
UberX,3/19/2026,Thursday,5:03 PM,396,0.63,"Carroll St, Brooklyn, NY, US","E New York Ave, Brooklyn, NY, US",5,0.00,0,0.00,
UberX,3/19/2026,Thursday,4:29 PM,655,1.77,"Ralph Ave, Brooklyn, NY, US","Clifton Pl, Brooklyn, NY, US",5,0.00,0,0.00,
UberX,3/19/2026,Thursday,3:05 PM,219,0.86,"86th St, Ozone Park, NY, US","80 St and Liberty Ave, Jamaica, NY, US",5,0.00,0,0.00,
UberX,3/19/2026,Thursday,2:29 PM,1050,0.67,"108th St, Ozone Park, NY, US","Rockaway Blvd, Ozone Park, NY, US",5,0.00,170,0.00,
UberX,3/19/2026,Thursday,2:02 PM,1185,6.53,"E 105th St, Brooklyn, NY, US","Rockaway Blvd, Queens, NY, US",0,0.00,0,0.00,
UberX,3/19/2026,Thursday,1:55 PM,814,2.75,"Linden Blvd, Brooklyn, NY, US","E 107th St, Brooklyn, NY, US",0,0.00,0,0.00,
UberX,3/19/2026,Thursday,1:08 PM,831,2.80,"104th St, Ozone Park, NY, US","Foch Blvd, Jamaica, NY, US",0,0.00,17,0.00,
UberX,3/19/2026,Thursday,12:53 PM,209,0.69,"108th St, South Richmond Hill, NY, US","Atlantic Ave, Ozone Park, NY, US",0,0.00,0,0.00,
UberX,3/19/2026,Thursday,12:31 PM,182,0.57,"Amber St, Brooklyn, NY, US","153rd Ave, Howard Beach, NY, US",0,0.00,28,0.00,
UberX,3/19/2026,Thursday,12:03 PM,643,1.42,"Liberty Ave, Brooklyn, NY, US","86th St, Woodhaven, NY, US",0,0.00,0,0.00,
UberX,3/19/2026,Thursday,11:52 AM,304,1.42,"Lafayette St, Ozone Park, NY, US","Liberty Ave, Brooklyn, NY, US",0,0.00,0,0.00,
UberX,3/19/2026,Thursday,11:40 AM,330,1.27,"149th Ave, Howard Beach, NY, US","Crossbay Blvd, Ozone Park, NY, US",0,0.00,77,0.00,
UberX,3/19/2026,Thursday,11:28 AM,375,1.28,"Sutter Ave, Brooklyn, NY, US","Linden Blvd, Brooklyn, NY, US",0,0.00,0,0.00,
Electric,3/19/2026,Thursday,4:46 PM,853,1.90,"Clifton Pl, Brooklyn, NY, US","Carroll St, Brooklyn, NY, US",5,0.00,0,0.00,
Electric,3/19/2026,Thursday,3:55 PM,880,2.19,"Sterling Pl, Brooklyn, NY, US","Crosby Ave, Brooklyn, NY, US",5,0.00,0,0.00,
Comfort,3/19/2026,Thursday,3:16 PM,1828,4.83,"79th St, Howard Beach, NY, US","Sterling Pl, Brooklyn, NY, US",5,0.00,0,0.00,
Electric,3/19/2026,Thursday,1:33 PM,318,1.99,"S Conduit Blvd, Jamaica, NY, US","134th Ave, Jamaica, NY, US",0,0.00,0,0.00,
Comfort,3/19/2026,Thursday,12:43 PM,534,2.14,"151st Ave, Howard Beach, NY, US","105th St, Ozone Park, NY, US",0,0.00,0,0.00,
UberX,3/23/2026,Monday,1:54 PM,867,2.79,"Fountain Ave, Brooklyn, NY, US","Hegeman Ave, Brooklyn, NY, US",0,0.00,70,0.00,
UberX,3/23/2026,Monday,2:09 PM,849,1.63,"Strauss St, Brooklyn, NY, US","Strauss St, Brooklyn, NY, US",0,0.00,0,0.00,
UberX,3/23/2026,Monday,2:29 PM,1120,2.10,"E 98th St, Brooklyn, NY, US","Church Ave, Brooklyn, NY, US",0,0.00,2,0.00,
UberX,3/23/2026,Monday,2:52 PM,636,1.28,"Newport St, Brooklyn, NY, US","Eastern Pkwy, Brooklyn, NY, US",5,0.00,0,0.00,
UberX,3/23/2026,Monday,4:53 PM,1025,2.78,"E 40th St, Brooklyn, NY, US","Kings Hwy, Brooklyn, NY, US",5,0.00,0,0.00,
UberX,3/23/2026,Monday,4:38 PM,672,1.62,"E 91st St, Brooklyn, NY, US","Lenox Rd, Brooklyn, NY, US",5,3.00,0,0.00,
UberX,3/23/2026,Monday,8:24 PM,2118,15.72,"Queens Blvd, Rego Park, NY, US","Glenwood Rd, Brooklyn, NY, US",5,0.00,0,0.00,
UberX,3/23/2026,Monday,7:23 PM,554,2.30,"Cortelyou Rd, Brooklyn, NY, US","7th Ave, Brooklyn, NY, US",5,0.00,0,0.00,
UberX,3/23/2026,Monday,6:50 PM,135,0.41,"E 18th St, Brooklyn, NY, US","Avenue H, Brooklyn, NY, US",5,0.00,0,0.00,
UberX,3/23/2026,Monday,6:42 PM,278,0.83,"E 15th St, Brooklyn, NY, US","Ocean Ave, Brooklyn, NY, US",5,1.00,0,0.00,
UberX,3/23/2026,Monday,6:04 PM,1332,3.86,"E 73rd St, Brooklyn, NY, US","E 16th St, Brooklyn, NY, US",5,0.00,0,0.00,
UberX,3/23/2026,Monday,5:48 PM,742,2.35,"Farragut Rd, Brooklyn, NY, US","Cove Ln, Brooklyn, NY, US",5,0.00,45,0.00,
UberX,3/23/2026,Monday,5:36 PM,313,0.91,"E 92nd St, Brooklyn, NY, US","Farragut Rd, Brooklyn, NY, US",5,0.00,0,0.00,
UberX,3/23/2026,Monday,5:19 PM,655,2.34,"4410 Avenue H, Brooklyn, NY 11234, Brooklyn, NY, US","E 93rd St, Brooklyn, NY, US",5,0.00,0,0.00,
UberX,3/23/2026,Monday,3:30 PM,1301,3.42,"Bristol St, Brooklyn, NY, US","Flatbush Ave, Brooklyn, NY, US",5,0.00,64,0.00,
UberX,3/23/2026,Monday,3:34 PM,166,0.55,"New Lots Ave, Brooklyn, NY, US","Watkins St, Brooklyn, NY, US",5,0.00,0,0.00,
Electric,3/23/2026,Monday,8:14 PM,752,2.10,"41st Ave, Corona, NY, US","Queens Blvd, Rego Park, NY, US",5,0.00,0,0.00,
Comfort,3/23/2026,Monday,7:36 PM,2124,12.01,"8th St, Brooklyn, NY, US","95th St, Jackson Heights, NY, US",5,0.00,0,0.00,
Electric,3/23/2026,Monday,4:16 PM,843,1.85,"Clarkson Ave, Brooklyn, NY, US","Lenox Rd, Brooklyn, NY, US",5,0.00,0,0.00,
Share,3/23/2026,Monday,3:18 PM,494,1.17,"Sutter Ave, Brooklyn, NY, US","Snediker Ave, Brooklyn, NY, US",5,0.00,0,0.00,
Electric,3/23/2026,Monday,3:07 PM,617,1.37,"Atlantic Ave, Brooklyn, NY, US","Sutter Ave, Brooklyn, NY, US",5,0.00,0,0.00,
Comfort,3/24/2026,Tuesday,2:53 PM,1407,3.55,"Bushwick Ave, Brooklyn, NY, US","N 6th St, Brooklyn, NY, US",5,0.00,0,0.00,
UberX,3/26/2026,Thursday,4:06 PM,508,1.29,"Loring Ave, Brooklyn, NY, US","Pitkin Ave and Euclid Ave, Brooklyn, NY, US",5,0.00,43,0.00,
UberX,3/26/2026,Thursday,3:14 PM,2870,6.50,"Gates Ave, Brooklyn, NY, US","Forbell St, Brooklyn, NY, US",5,0.00,3,0.00,
UberX,3/26/2026,Thursday,7:25 PM,790,1.80,"87th St, Jackson Heights, NY, US","69th St, Maspeth, NY, US",5,0.00,0,0.00,
UberX,3/26/2026,Thursday,7:02 PM,586,1.29,"62-01 Woodside Ave, Woodside, NY, US","70th St, East Elmhurst, NY, US",5,0.00,0,0.00,
UberX,3/26/2026,Thursday,6:55 PM,245,0.51,"61st St, Woodside, NY, US","Queens Blvd, Woodside, NY, US",5,0.00,0,0.00,
UberX,3/26/2026,Thursday,6:39 PM,560,2.41,"59th Dr, Maspeth, NY, US","43rd Ave, Woodside, NY, US",5,0.00,0,0.00,
UberX,3/26/2026,Thursday,5:58 PM,1594,4.25,"Park Ave, Brooklyn, NY, US","58th Pl, Woodside, NY, US",5,0.00,52,0.00,
UberX,3/26/2026,Thursday,5:21 PM,1308,2.35,"Weirfield St, Ridgewood, NY, US","Throop Ave, Brooklyn, NY, US",5,0.00,0,0.00,
UberX,3/26/2026,Thursday,4:53 PM,1903,3.86,"Queens Blvd, Elmhurst, NY, US","Cornelia St, Ridgewood, NY, US",5,2.94,0,0.00,
UberX,3/26/2026,Thursday,4:28 PM,1393,3.99,"75th St, Woodhaven, NY, US","Queens Blvd, Elmhurst, NY, US",5,0.00,0,0.00,
UberX,3/26/2026,Thursday,4:19 PM,685,1.63,"Euclid Ave, Brooklyn, NY, US","Eldert Ln, Woodhaven, NY, US",5,0.00,0,0.00,
UberX,3/26/2026,Thursday,1:37 PM,733,1.80,"Fulton St, Brooklyn, NY, US","Wyckoff Ave, Ridgewood, NY, US",0,0.00,0,0.00,
UberX,3/26/2026,Thursday,1:23 PM,831,2.00,"Wortman Ave, Brooklyn, NY, US","Van Sinderen Ave, Brooklyn, NY, US",0,0.00,0,0.00,
UberX,3/26/2026,Thursday,12:59 PM,1242,2.84,"Evergreen Ave, Brooklyn, NY, US","Wortman Ave, Brooklyn, NY, US",0,0.00,0,0.00,
UberX,3/26/2026,Thursday,12:48 PM,256,0.58,"Jefferson Ave, Brooklyn, NY, US","Wilson Ave, Brooklyn, NY, US",0,0.00,0,0.00,
UberX,3/26/2026,Thursday,11:56 AM,695,2.43,"Marion St, Brooklyn, NY, US","Essex St, Brooklyn, NY, US",0,0.00,0,0.00,
UberX,3/26/2026,Thursday,11:39 AM,505,1.31,"Vermont St, Brooklyn, NY, US","Van Sinderen Ave, Brooklyn, NY, US",0,0.00,0,0.00,
Electric,3/26/2026,Thursday,7:43 PM,268,0.46,"Grand Ave, Maspeth, NY, US","Flushing Ave, New York, NY, US",5,0.00,0,0.00,
Electric,3/26/2026,Thursday,2:59 PM,216,0.65,"Woodbine St, Brooklyn, NY, US","Greene Ave, Brooklyn, NY, US",5,0.00,86,0.00,
UberX,3/27/2026,Friday,7:39 PM,485,1.41,"Madison Ave, New York, NY, US","Madison Ave, New York City, NY, US",5,0.00,0,0.00,
UberX,3/27/2026,Friday,7:51 PM,1312,2.54,"Madison Ave, New York, NY, US","Broadway, New York, NY, US",5,4.79,0,0.00,
UberX,3/27/2026,Friday,3:38 PM,7680,49.34,"Nostrand Ave, Brooklyn, NY, US","Marshall Ave, Rockaway, NJ, US",5,0.00,0,0.00,
UberX,3/27/2026,Friday,3:14 PM,1320,3.97,"Seaview Ct, Brooklyn, NY, US","Nostrand Ave, Brooklyn, NY, US",5,0.00,169,0.00,
UberX,3/27/2026,Friday,2:52 PM,518,1.15,"Fountain Ave, Brooklyn, NY, US","Gateway Dr, Brooklyn, NY, US",5,0.00,0,0.00,
UberX,3/27/2026,Friday,2:40 PM,415,1.72,"Lincoln Ave, Brooklyn, NY, US","Vandalia Ave, Brooklyn, NY, US",5,0.00,0,0.00,
Comfort,3/27/2026,Friday,8:52 PM,870,1.41,"Hudson St, New York, NY, US","Howard St, New York, NY, US",5,0.00,0,0.00,
Comfort Electric,3/27/2026,Friday,8:19 PM,1593,3.56,"W 52nd St, New York, NY, US","Perry St, New York, NY, US",5,0.00,0,0.00,
Comfort,3/27/2026,Friday,5:37 PM,5040,39.84,"Boonton St, Dover, NJ, US","Madison Ave, New York, NY, US",5,0.00,0,0.00,
Electric,3/27/2026,Friday,3:02 PM,553,2.96,"Gateway Dr, Brooklyn, NY, US","Shore Pkwy, Brooklyn, NY, US",5,0.00,0,0.00,
UberX,3/28/2026,Saturday,3:01 PM,3840,16.96,"Terminal 1, John F. Kennedy International Airport (JFK), Jamaica, NY, US","W 35th St, New York City, NY, US",5,12.01,10,0.00,
UberX,3/28/2026,Saturday,2:31 PM,1086,6.54,"Dumont Ave, Brooklyn, NY, US","Terminal 4, John F. Kennedy International Airport (JFK), New York, NY, US",5,0.00,29,0.00,
UberX,3/28/2026,Saturday,2:18 PM,400,1.36,"Fountain Ave, Brooklyn, NY, US","Atlantic Ave, Brooklyn, NY, US",5,0.00,0,0.00,
UberX,3/29/2026,Sunday,5:14 PM,891,2.74,"Gateway Dr, Brooklyn, NY, US","Belmont Ave, Brooklyn, NY, US",5,0.00,0,0.00,
UberX,3/29/2026,Sunday,5:05 PM,298,1.04,"Hegeman Ave, Brooklyn, NY, US","Schroeders Ave, Brooklyn, NY, US",5,0.00,0,0.00,
UberX,3/29/2026,Sunday,2:33 PM,961,4.76,"Flushing Ave, Brooklyn, NY, US","50th Ave, Sunnyside, NY, US",5,3.12,0,0.00,
UberX,3/29/2026,Sunday,1:58 PM,2750,7.59,"Geneva Loop, Brooklyn, NY, US","Carlton Ave, Brooklyn, NY, US",5,0.00,0,0.00,
UberX,3/29/2026,Sunday,1:46 PM,524,1.58,"Euclid Ave, Brooklyn, NY, US","Gateway Dr, Brooklyn, NY, US",5,0.00,0,0.00,
UberX,3/29/2026,Sunday,6:27 PM,1290,3.22,"Farragut Rd, Brooklyn, NY, US","Farragut Rd, Brooklyn, NY, US",5,0.00,0,0.00,
UberX,3/29/2026,Sunday,6:14 PM,324,1.32,"Vandalia Ave, Brooklyn, NY, US","E 105th St, Brooklyn, NY, US",5,0.00,0,0.00,
UberX,3/29/2026,Sunday,5:57 PM,368,1.14,"New Jersey Ave, Brooklyn, NY, US","Sutter Ave, Brooklyn, NY, US",5,0.00,0,0.00,
UberX,3/29/2026,Sunday,5:42 PM,460,1.61,"Junius St, Brooklyn, NY, US","Georgia Ave, Brooklyn, NY, US",5,0.00,0,0.00,
UberX,3/29/2026,Sunday,5:37 PM,310,0.74,"pitkin ave, New York, NY, US","Junius St, Brooklyn, NY, US",5,0.00,89,0.00,
Comfort,3/29/2026,Sunday,6:14 PM,690,1.93,"Bristol St, Brooklyn, NY, US","Vermont St, Brooklyn, NY, US",5,0.00,0,0.00,
Electric,3/30/2026,Monday,8:14 PM,498,2.73,"E 233rd St, Bronx, NY, US","N Macquesten Pkwy, Mt Vernon, NY, US",5,0.00,0,0.00,
UberX,3/30/2026,Monday,7:51 PM,1140,8.24,"W 137th St, New York, NY, US","E 236th St, Bronx, NY, US",5,0.00,0,0.00,
UberX,3/30/2026,Monday,7:18 PM,749,2.65,"W 152nd St, New York, NY, US","Richman Plz, Bronx, NY, US",5,0.00,0,0.00,
UberX,3/30/2026,Monday,6:53 PM,775,3.78,"Vermilyea Ave, New York, NY, US","Dr Martin Luther King Jr Blvd, Bronx, NY, US",5,0.00,0,0.00,
UberX,3/30/2026,Monday,6:00 PM,1830,9.18,"E 161st St, Bronx, NY, US","Post St, Yonkers, NY, US",5,0.00,0,0.00,
UberX,3/30/2026,Monday,5:31 PM,911,1.17,"Westchester Ave, Bronx, NY, US","Grand Concourse, Bronx, NY, US",5,0.00,45,0.00,
UberX,3/30/2026,Monday,5:04 PM,849,3.96,"Taylor Ave, Bronx, NY, US","Trinity Ave, Bronx, NY, US",5,0.00,98,0.00,
Electric,3/30/2026,Monday,4:08 PM,3026,16.31,"W Broadway, New York, NY, US","Taylor Ave, Bronx, NY, US",5,0.00,0,0.00,
UberX,3/30/2026,Monday,3:29 PM,1103,2.78,"Park Ave, New York, NY, US","Leonard St, New York, NY, US",5,3.61,0,0.00,
UberX,3/30/2026,Monday,2:39 PM,644,1.55,"43rd ave, Sunnyside, NY, US","30th St, Astoria, NY, US",1,0.00,0,0.00,
UberX,3/30/2026,Monday,1:58 PM,1667,4.42,"Bleecker St, Ridgewood, NY, US","28th St, Long Island City, NY, US",1,0.00,0,0.00,
UberX,3/30/2026,Monday,1:44 PM,650,1.70,"Irving Ave, Brooklyn, NY, US","Fresh Pond Rd, Ridgewood, NY, US",1,0.00,0,0.00,
UberX,3/30/2026,Monday,1:12 PM,698,1.99,"Schaefer St, Brooklyn, NY, US","Wyckoff Ave, Brooklyn, NY, US",1,0.00,10,0.00,
UberX,3/31/2026,Tuesday,8:21 PM,309,1.10,"1600 Sheepshead Bay Rd, Brooklyn, NY, US","Parkway Ct, Brooklyn, NY, US",5,0.00,0,0.00,
UberX,3/31/2026,Tuesday,8:09 PM,311,0.73,"Sheepshead Bay Rd, Brooklyn, NY, US","Sheepshead Bay Rd, New York, NY, US",5,3.00,0,0.00,
UberX,3/31/2026,Tuesday,7:36 PM,1847,10.47,"Rockaway Ave, Brooklyn, NY, US","E 12th St, Brooklyn, NY, US",5,0.00,0,0.00,
Share,3/31/2026,Tuesday,7:27 PM,368,1.30,"Junius St, Brooklyn, NY, US","Pitkin Ave, Brooklyn, NY, US",5,0.00,0,0.00,
UberX,3/31/2026,Tuesday,7:03 PM,1074,2.65,"Gateway Dr, Brooklyn, NY, US","Osborn St, Brooklyn, NY, US",5,0.00,0,0.00,
UberX Priority,3/31/2026,Tuesday,6:28 PM,295,0.88,"Sutter Ave, Brooklyn, NY, US","Loring Ave, Brooklyn, NY, US",5,0.00,48,0.00,
UberX,3/31/2026,Tuesday,6:02 PM,536,1.61,"Lefferts Blvd, South Richmond Hill, NY, US","129th St, South Ozone Park, NY, US",5,0.00,0,0.00,
UberX,3/31/2026,Tuesday,5:00 PM,503,0.88,"84th Ave, Richmond Hill, NY, US","Audley St, Kew Gardens, NY, US",5,0.00,0,0.00,
UberX,3/31/2026,Tuesday,4:31 PM,1322,2.75,"159th St, Flushing, NY, US","Grosvenor Rd, Richmond Hill, NY, US",5,0.00,0,0.00,
UberX,3/31/2026,Tuesday,3:53 PM,1800,7.48,"125th St, College Point, NY, US","Utopia Pkwy, Queens, NY, US",5,0.00,0,0.00,
UberX,3/31/2026,Tuesday,3:20 PM,1418,5.58,"Terminal B, Flushing, NY, US","117th St, College Point, NY, US",5,0.00,24,0.00,
Electric,3/31/2026,Tuesday,2:30 PM,2728,10.09,"W 38th St, New York, NY, US","Terminal B, LaGuardia Airport (LGA), Queens, NY, US",5,17.45,0,0.00,
UberX Priority,3/31/2026,Tuesday,2:04 PM,1144,2.87,"Franklin St, New York, NY, US","W 33rd St, New York City, NY, US",1,0.00,0,0.00,
UberX,3/31/2026,Tuesday,1:43 PM,744,3.07,"Atlantic Ave, Brooklyn, NY, US","Broadway, New York City, NY, US",1,0.00,0,0.00,
UberX,3/31/2026,Tuesday,12:42 PM,2935,6.71,"Crescent St, Brooklyn, NY, US","Atlantic Ave, Brooklyn, NY, US",1,0.00,0,0.00,
Electric,4/2/2026,Thursday,9:40 PM,2868,25.35,"73rd Ave, Fresh Meadows, NY, US","Benson Ave, Brooklyn, NY, US",5,0.00,0,0.00,
Electric,4/2/2026,Thursday,9:22 PM,538,1.06,"Aguilar Ave, Flushing, NY, US","Parsons Blvd, Fresh Meadows, NY, US",5,0.00,0,0.00,
UberX,4/2/2026,Thursday,6:57 PM,729,5.14,"Terminal C Outer Arrivals Rd, New York, NY, US","108th St, Forest Hills, NY, US",5,0.00,0,0.00,
UberX,4/2/2026,Thursday,6:49 PM,312,1.07,"Astoria Blvd, East Elmhurst, NY, US","25th Ave, East Elmhurst, NY, US",5,5.00,11,0.00,
UberX,4/2/2026,Thursday,6:26 PM,1003,1.81,"43rd Ave, Elmhurst, NY, US","110th St, Corona, NY, US",5,0.00,0,0.00,
UberX,4/2/2026,Thursday,6:05 PM,394,0.97,"102nd St, Corona, NY, US","Junction Blvd, Corona, NY, US",5,0.00,26,0.00,
UberX,4/2/2026,Thursday,5:44 PM,609,1.05,"102nd St, Corona, NY, US","Granger St, Corona, NY, US",5,0.00,0,0.00,
UberX,4/2/2026,Thursday,5:25 PM,820,0.78,"Roosevelt Ave, Elmhurst, NY, US","Roosevelt Ave, Corona, NY, US",5,0.00,0,0.00,
UberX,4/2/2026,Thursday,4:03 PM,2726,12.41,"Martense St, Brooklyn, NY, US","Terminal B, LaGuardia Airport (LGA), Queens, NY, US",5,10.75,0,0.00,
UberX,4/2/2026,Thursday,3:56 PM,439,0.76,"E 39th St, Brooklyn, NY, US","Martense St, Brooklyn, NY, US",5,0.00,0,0.00,
UberX,4/2/2026,Thursday,3:08 PM,1068,3.00,"Flushing Ave, Brooklyn, NY, US","Empire Blvd, Brooklyn, NY, US",5,0.00,180,0.00,
Electric,4/2/2026,Thursday,2:33 PM,1430,3.92,"Union St, Brooklyn, NY, US","Morgan Ave, Brooklyn, NY, US",5,0.00,0,0.00,
UberX,4/2/2026,Thursday,2:03 PM,1450,3.61,"Montauk Ave, Brooklyn, NY, US","Prospect Pl, Brooklyn, NY, US",1,0.00,0,0.00,
Electric,4/2/2026,Thursday,1:11 PM,1200,3.58,"Eldert St, Brooklyn, NY, US","Barbey St, Brooklyn, NY, US",1,0.00,0,0.00,
UberX,4/3/2026,Friday,6:38 PM,2027,11.08,"Madison Ave, New York, NY, US","Allerton Ave, Bronx, NY, US",5,0.00,10,0.00,
UberX,4/3/2026,Friday,6:02 PM,1596,5.26,"Northside Piers, Brooklyn, NY, US","Madison Ave, New York, NY, US",5,0.00,0,0.00,
Electric,4/3/2026,Friday,5:41 PM,1482,3.68,"W Broadway, New York City, NY, US","N 5th St, Brooklyn, NY, US",5,4.25,0,0.00,
UberX,4/3/2026,Friday,4:55 PM,2635,10.21,"Terminal B, Flushing, NY, US","W Broadway, New York City, NY, US",5,10.75,190,0.00,
UberX,4/3/2026,Friday,4:33 PM,742,4.83,"108th St, Forest Hills, NY, US","Terminal B, LaGuardia Airport (LGA), Queens, NY, US",5,0.00,0,0.00,
Comfort,4/3/2026,Friday,4:10 PM,767,5.03,"20th Ave, College Point, NY, US","108th St, Forest Hills, NY, US",5,3.69,0,0.00,
UberX,4/3/2026,Friday,3:57 PM,374,1.29,"20th Ave, College Point, NY, US","126th St, College Point, NY, US",5,0.00,0,0.00,
UberX,4/3/2026,Friday,3:03 PM,2485,13.27,"Linden Blvd, Brooklyn, NY, US","20th Ave, College Point, NY, US",5,0.00,23,0.00,
Electric,4/3/2026,Friday,9:21 AM,1723,6.84,"halsey street, Brooklyn, NY, US","South St, New York City, NY, US",5,0.00,91,0.00,
UberX,4/3/2026,Friday,9:07 AM,121,0.50,"Stuyvesant Ave, Brooklyn, NY, US","Fulton St, Brooklyn, NY, US",5,3.00,0,0.00,
UberX,4/3/2026,Friday,8:38 AM,604,1.65,"Herkimer St, Brooklyn, NY, US","Saint Johns Pl, Brooklyn, NY, US",5,0.00,0,0.00,
UberX,4/3/2026,Friday,8:12 AM,1621,5.16,"Ashford St, Brooklyn, NY, US","Herkimer St, Brooklyn, NY, US",5,0.00,0,0.00,
UberX,4/3/2026,Friday,8:01 AM,436,1.03,"Pennsylvania Ave, Brooklyn, NY, US","Barbey St, Brooklyn, NY, US",5,0.00,0,0.00,
Electric,4/3/2026,Friday,7:50 AM,322,0.98,"Wyona St, Brooklyn, NY, US","Wortman Ave, Brooklyn, NY, US",5,3.00,0,0.00,
UberX,4/3/2026,Friday,7:24 AM,562,1.34,"Cleveland St, Brooklyn, NY, US","Atlantic Ave, Brooklyn, NY, US",1,0.00,0,0.00,
UberX,4/3/2026,Friday,7:01 AM,446,1.28,"Loring Ave, Brooklyn, NY, US","Grant Ave, Brooklyn, NY, US",1,0.00,0,0.00,
UberX,4/3/2026,Friday,6:50 AM,453,1.63,"Autumn Ave, Brooklyn, NY, US","153rd Ave, Howard Beach, NY, US",1,0.00,0,0.00,
UberX,4/4/2026,Saturday,10:51 PM,1887,12.69,"W 49th St, New York, NY, US","94th St, Brooklyn, NY, US",5,0.00,0,1.75,
UberX,4/4/2026,Saturday,10:35 PM,404,0.92,"W 58th St, New York City, NY, US","W End Ave, New York City, NY, US",5,0.00,0,0.00,
UberX,4/4/2026,Saturday,10:03 PM,1102,1.37,"W 32nd St, Manhattan, NY, US","W 43rd St, New York, NY, US",5,0.00,0,0.00,
UberX,4/4/2026,Saturday,9:40 PM,1536,2.72,"W 67th St, New York, NY, US","W 32nd St, New York City, NY, US",5,0.00,0,0.00,
UberX,4/4/2026,Saturday,9:10 PM,1642,5.75,"5th Ave, New York, NY, US","W 69th St, New York, NY, US",5,0.00,0,0.00,
UberX,4/4/2026,Saturday,8:26 PM,383,0.91,"Hudson St, New York City, NY, US","9th Ave, New York City, NY, US",5,0.00,0,0.00,
UberX,4/4/2026,Saturday,8:08 PM,1027,1.52,"1st Ave, New York, NY, US","Hudson St, New York City, NY, US",5,0.00,0,0.00,
UberX,4/4/2026,Saturday,7:51 PM,680,2.24,"bedford ave, New York, NY, US","E 1st St, New York, NY, US",5,4.00,0,0.00,
Electric,4/4/2026,Saturday,7:28 PM,887,2.27,"Lexington Ave, Brooklyn, NY, US","Marcy Ave, Brooklyn, NY, US",5,5.00,0,0.00,
Electric,4/4/2026,Saturday,7:20 PM,446,0.99,"Nostrand Ave, Brooklyn, NY, US","Madison St, Brooklyn, NY, US",5,0.00,0,0.00,
UberX,4/4/2026,Saturday,6:57 PM,563,1.44,"Sullivan Pl, Brooklyn, NY, US","Atlantic Ave, Brooklyn, NY, US",5,0.00,0,0.00,
UberX,4/4/2026,Saturday,6:50 PM,675,1.68,"Washington Ave, Brooklyn, NY, US","Montgomery St, Brooklyn, NY, US",5,0.00,0,0.00,
UberX,4/4/2026,Saturday,6:28 PM,535,1.43,"Myrtle Ave, Brooklyn, NY, US","Myrtle Ave, Brooklyn, NY, US",5,0.00,0,0.00,
UberX,4/4/2026,Saturday,5:11 PM,1426,2.86,"Putnam Ave, Brooklyn, NY, US","Dekalb Ave, Brooklyn, NY, US",5,0.00,0,0.00,
Comfort,4/4/2026,Saturday,4:53 PM,311,1.20,"Cornelia St, Brooklyn, NY, US","Decatur St, Ridgewood, NY, US",5,0.00,0,0.00,
UberX,4/4/2026,Saturday,4:42 PM,567,1.58,"Jefferson Ave, Brooklyn, NY, US","Macon St, Brooklyn, NY, US",5,0.00,0,0.00,
UberX,4/4/2026,Saturday,4:26 PM,547,1.51,"Malcolm X Blvd, Brooklyn, NY, US","Tompkins Ave, Brooklyn, NY, US",5,3.00,0,0.00,
Electric,4/4/2026,Saturday,4:04 PM,1063,2.19,"E New York Ave, Brooklyn, NY, US","Patchen Ave, Brooklyn, NY, US",5,0.00,0,0.00,
UberX,4/4/2026,Saturday,3:37 PM,1329,3.86,"Vandalia Ave, Brooklyn, NY, US","Empire Blvd, Brooklyn, NY, US",5,2.33,146,0.00,
UberX,4/4/2026,Saturday,3:17 PM,822,2.34,"Kings Hwy, Brooklyn, NY, US","Flatlands Ave, Brooklyn, NY, US",5,0.00,23,0.00,
UberX,4/4/2026,Saturday,3:08 PM,295,0.65,"Rutland Rd, Brooklyn, NY, US","Kings Hwy, Brooklyn, NY, US",5,0.00,0,0.00,
UberX,4/4/2026,Saturday,3:05 PM,175,0.58,"Newport St, Brooklyn, NY, US","Howard Ave, Brooklyn, NY, US",5,0.00,0,0.00,
UberX,4/4/2026,Saturday,2:50 PM,746,2.25,"Thomas S Boyland St, Brooklyn, NY, US","Thomas S Boyland St, Brooklyn, NY, US",5,0.00,0,0.00,
Electric,4/4/2026,Saturday,2:29 PM,487,1.74,"Belmont Ave, Brooklyn, NY, US","Pennsylvania Ave, Brooklyn, NY, US",5,0.00,0,0.00,
Electric,4/8/2026,Wednesday,11:46 AM,392,1.08,"Hegeman Ave, Brooklyn, NY, US","Pitkin Ave and Euclid Ave, Brooklyn, NY, US",1,0.00,0,0.00,4.75
Comfort,4/8/2026,Wednesday,11:59 AM,510,1.28,"Pitkin Ave and Euclid Ave, Brooklyn, NY, US","Arlington Ave, Brooklyn, NY, US",1,0.00,0,0.00,4.54
UberX,4/8/2026,Wednesday,12:21 PM,879,3.19,"Ashford St, Brooklyn, NY, US","Fulton St and Kingston Ave, Brooklyn, NY, US",1,0.00,49,0.00,4.82
UberX,4/8/2026,Wednesday,12:39 PM,1129,3.00,"MacDonough St, Brooklyn, NY, US","Utica Ave, Brooklyn, NY, US",1,0.00,0,0.00,4.86
UberX,4/8/2026,Wednesday,1:24 PM,1115,3.19,"Flatbush Ave, Brooklyn, NY, US","E 94th St, Brooklyn, NY, US",1,0.00,0,0.00,4.84
UberX,4/8/2026,Wednesday,3:32 PM,687,2.50,"Georgia Ave, Brooklyn, NY, US","Gateway Dr, Brooklyn, NY, US",5,0.00,0,0.00,4.87
UberX,4/8/2026,Wednesday,4:03 PM,1263,3.83,"Linwood St, Brooklyn, NY, US","Utica Ave, Brooklyn, NY, US",5,4.41,12,0.00,4.82
UberX,4/8/2026,Wednesday,4:19 PM,335,1.07,"Schenectady Ave, Brooklyn, NY, US","Farragut Pl, Brooklyn, NY, US",5,0.00,60,0.00,4.64
UberX,4/8/2026,Wednesday,4:47 PM,307,0.59,"Lott St, Brooklyn, NY, US","Beverly Rd and Nostrand Ave, Brooklyn, NY, US",5,0.00,0,0.00,4.78
UberX,4/8/2026,Wednesday,5:01 PM,590,1.29,"Clarkson Ave, Brooklyn, NY, US","Carroll St, Brooklyn, NY, US",5,0.00,0,0.00,4.82
UberX,4/8/2026,Wednesday,5:12 PM,555,2.21,"Carroll St, Brooklyn, NY, US","E 95th St, Brooklyn, NY, US",5,0.00,0,0.00,4.69
Electric,4/9/2026,Thursday,1:34 PM,371,0.84,"Central Ave, Brooklyn, NY, US","Halsey St, Brooklyn, NY, US",1,0.00,0,0.00,4.84
UberX,4/9/2026,Thursday,1:44 PM,1147,3.30,"Madison St, Brooklyn, NY, US","Powell St, Brooklyn, NY, US",1,0.00,35,0.00,4.61
Electric,4/9/2026,Thursday,2:07 PM,240,0.58,"Lott Ave, Brooklyn, NY, US","Linden Blvd, Brooklyn, NY, US",1,0.00,0,0.00,4.44
Electric ,4/9/2026,Thursday,2:35 PM,3008,9.87,"E 51st St, Brooklyn, NY, US","Terminal 4, John F. Kennedy International Airport (JFK), New York, NY, US",5,0.00,0,0.00,4.67
UberX,4/9/2026,Thursday,3:34 PM,1497,9.01,"130th Pl, John F. Kennedy International Airport (JFK), Jamaica, NY, US","Bowne St, Flushing, NY, US",5,0.00,0,0.00,4.86
UberX VIP,4/9/2026,Thursday,4:16 PM,1244,1.94,"Parsons Blvd, Flushing, NY, US","40th Rd, Flushing, NY, US",5,3.00,0,0.00,4.79
UberX,4/9/2026,Thursday,4:34 PM,636,1.30,"40th Rd, Flushing, NY, US","Booth Memorial Ave, New York, NY, US",5,0.00,0,0.00,4.90
Electric,4/9/2026,Thursday,5:12 PM,857,3.14,"Booth Memorial Ave, Flushing, NY, US","162nd St, Flushing, NY, US",5,0.00,0,0.00,4.84
UberX,4/9/2026,Thursday,6:31 PM,580,2.03,"150th St and 41st Ave, Murray Hill, NY, US","Clintonville St, Whitestone, NY, US",5,0.00,0,0.00,4.86
UberX,4/9/2026,Thursday,7:04 PM,510,1.93,"S Conduit Blvd, Jamaica, NY, US","Lefferts Blvd, South Ozone Park, NY, US",5,1.00,0,0.00,4.79
Electric,4/9/2026,Thursday,7:18 PM,1478,9.25,"Rockaway Blvd, Jamaica, NY, US","1043 Beach 20th St, Far Rockaway, NY, US",5,0.00,0,0.00,4.79
UberX,4/9/2026,Thursday,7:34 PM,1414,7.66,"Beach 20th St, Far Rockaway, NY, US","S Conduit Ave, Jamaica, NY, US",5,0.00,0,0.00,4.64
UberX,4/9/2026,Thursday,8:23 PM,510,2.04,"Dumont Ave, Brooklyn, NY, US","Wortman Ave, Brooklyn, NY, US",5,0.00,15,0.00,5.00
UberX,4/9/2026,Thursday,8:41 PM,345,1.36,"Gateway Dr, Brooklyn, NY, US","Crescent St, Brooklyn, NY, US",5,0.00,0,0.00,4.74
UberX,4/9/2026,Thursday,8:44 PM,260,1.17,"Crescent St, Brooklyn, NY, US","Cozine Ave, Brooklyn, NY, US",5,0.00,275,0.00,4.83
UberX,4/9/2026,Thursday,9:00 PM,629,1.73,"Pennsylvania Ave, Brooklyn, NY, US","Berriman St, Brooklyn, NY, US",5,0.00,0,0.00,4.86
UberX,4/9/2026,Thursday,9:23 PM,444,1.45,"Ashford St and Livonia Ave, Brooklyn, NY, US","Vandalia Ave, Brooklyn, NY, US",5,0.00,0,0.00,4.94
UberX,4/9/2026,Thursday,9:37 PM,680,2.27,"Erskine St, Brooklyn, NY, US","Montauk Ave, Brooklyn, NY, US",5,0.00,0,0.00,4.81
UberX,4/9/2026,Thursday,10:05 PM,494,1.28,"Loring Ave, Brooklyn, NY, US","Fulton St, Brooklyn, NY, US",5,0.00,5,0.00,4.65
UberX,4/9/2026,Thursday,10:07 PM,694,1.71,"Euclid Ave, Brooklyn, NY, US","Stanley Ave, Brooklyn, NY, US",5,0.00,0,0.00,4.58
UberX,4/9/2026,Thursday,10:30 PM,263,0.77,"Forbell St, Brooklyn, NY, US","Hegeman Ave, Brooklyn, NY, US",5,0.00,0,0.00,4.58
UberX,4/9/2026,Thursday,10:41 PM,1027,6.85,"Montauk Ave, Brooklyn, NY, US","Westgate St, Springfield Gardens, NY, US",5,0.00,103,0.00,4.69
Comfort,4/10/2026,Friday,11:00 AM,407,1.15,"Pitkin Ave and Euclid Ave, Brooklyn, NY, US","Linden Blvd, Brooklyn, NY, US",1,0.00,0,0.00,4.79
UberX,4/10/2026,Friday,11:19 AM,452,0.98,"Crescent St, Brooklyn, NY, US","Pitkin Ave and Euclid Ave, Brooklyn, NY, US",1,0.00,0,0.00,4.82
UberX,4/10/2026,Friday,11:44 AM,383,1.24,"Hemlock St, Brooklyn, NY, US","Ashford St and Livonia Ave, Brooklyn, NY, US",1,0.00,0,0.00,4.83
UberX,4/10/2026,Friday,11:50 AM,651,2.01,"Ashford St, Brooklyn, NY, US","Sutter Ave, Brooklyn, NY, US",5,0.00,0,0.00,4.85
Electric,4/10/2026,Friday,11:47 AM,413,0.47,"Pitkin Ave, Brooklyn, NY, US","Osborn St, Brooklyn, NY, US",5,0.00,0,0.00,4.76
UberX,4/10/2026,Friday,12:14 PM,172,0.39,"Blake Ave, Brooklyn, NY, US","sutter ave, New York, NY, US",5,0.00,21,0.00,4.41
Comfort Electric,4/10/2026,Friday,12:27 PM,1451,2.88,"Ashford St, Brooklyn, NY, US","E New York Ave, Brooklyn, NY, US",5,0.00,273,0.00,4.79
UberX,4/10/2026,Friday,7:47 PM,342,0.86,"Pitkin Ave, Brooklyn, NY, US","Linden Blvd, Brooklyn, NY, US",5,0.00,0,0.00,4.71
UberX,4/10/2026,Friday,7:59 PM,940,5.73,"Loring Ave, Brooklyn, NY, US","143rd St, South Ozone Park, NY, US",5,0.00,0,0.00,4.70
UberX,4/10/2026,Friday,8:42 PM,1384,13.23,"Amber St, Brooklyn, NY, US","Jennings Ave, West Hempstead, NY, US",5,0.00,0,0.00,4.78
UberX,4/10/2026,Friday,9:47 PM,979,3.02,"Shepherd Ave, Brooklyn, NY, US","Rockaway Blvd, Ozone Park, NY, US",5,0.00,0,0.00,4.77
UberX,4/11/2026,Saturday,11:16 AM,878,3.21,"Hegeman Ave, Brooklyn, NY, US","Herkimer St, Brooklyn, NY, US",1,0.00,98,0.00,4.66
Electric,4/11/2026,Saturday,11:38 AM,1675,8.57,"Eastern Pkwy, Brooklyn, NY, US","Terminal 4, John F. Kennedy International Airport (JFK), New York, NY, US",5,0.00,147,0.00,4.73
Electric,4/11/2026,Saturday,12:16 PM,3535,32.14,"Terminal 4, John F. Kennedy International Airport (JFK), Queens, NY, US","Corporate Park Dr, West Harrison, NY, US",5,0.00,0,0.00,4.67
UberX,4/11/2026,Saturday,2:03 PM,663,1.82,"Bartow Ave, Bronx, NY, US","E 229th St, Bronx, NY, US",5,0.00,0,0.00,4.70
UberX,4/11/2026,Saturday,2:12 PM,1664,9.18,"Grace Ave, Bronx, NY, US","Prospect St, Yonkers, NY, US",5,0.00,0,0.00,4.87
UberX,4/11/2026,Saturday,3:54 PM,990,3.88,"E Tremont Ave, Bronx, NY, US","Edgecombe Ave, New York, NY, US",5,0.00,0,0.00,4.75
Comfort,4/11/2026,Saturday,4:12 PM,2084,9.32,"W 150th St, New York, NY, US","S Gramercy Park, New York City, NY, US",5,0.00,0,0.00,4.79
UberX,4/11/2026,Saturday,4:52 PM,886,1.47,"E 18th St, New York City, NY, US","E 41st St, New York, NY, US",5,0.00,0,0.00,4.85
UberX,4/11/2026,Saturday,5:04 PM,728,1.87,"E 41st St, New York City, NY, US","Madison Ave, New York City, NY, US",5,0.00,0,0.00,4.80
UberX,4/11/2026,Saturday,5:26 PM,971,3.16,"E 70th St, New York, NY, US","E 124th St, New York, NY, US",5,5.00,0,0.00,4.95
Electric,4/11/2026,Saturday,5:38 PM,2712,8.45,"2nd Ave, New York, NY, US","558 Broadway, New York, NY, US",5,0.00,0,0.00,4.88
UberX,4/12/2026,Sunday,12:02 PM,326,1.45,"Logan St, Brooklyn, NY, US","Pennsylvania Ave, Brooklyn, NY, US",5,0.00,94,0.00,4.89
UberX,4/12/2026,Sunday,12:22 PM,207,0.41,"New Lots Ave, Brooklyn, NY, US","Miller Ave, Brooklyn, NY, US",5,0.00,0,0.00,4.53
UberX,4/12/2026,Sunday,12:25 PM,1294,6.57,"Barbey St, Brooklyn, NY, US","Baisley Blvd, Jamaica, NY, US",5,0.00,145,0.00,4.52
UberX,4/12/2026,Sunday,12:58 PM,725,2.90,"135th Ave, South Ozone Park, NY, US","Vanwyck Expy, New York City, NY, US",5,0.00,0,0.00,4.69
UberX,4/12/2026,Sunday,1:16 PM,364,0.94,"130th St, Richmond Hill, NY, US","102nd Ave, Jamaica, NY, US",5,0.00,0,0.00,4.69
UberX,4/12/2026,Sunday,1:20 PM,1331,6.22,"Allendale St, Jamaica, NY, US","College Point Blvd, Flushing, NY, US",5,0.00,0,0.00,4.80
UberX,4/12/2026,Sunday,1:48 PM,4260,18.20,"Roosevelt Ave, Flushing, NY, US","White Sands Way, Arverne, NY, US",5,0.00,0,0.00,4.84
UberX,4/12/2026,Sunday,3:54 PM,2471,11.89,"Beach 32nd St, Far Rockaway, NY, US","Jamaica Ave, Brooklyn, NY, US",5,0.00,35,0.00,4.75
UberX,4/12/2026,Sunday,4:44 PM,1133,6.82,"Fulton St, Brooklyn, NY, US","Terminal 4, John F. Kennedy International Airport (JFK), New York, NY, US",5,0.00,0,0.00,4.81
UberX,4/12/2026,Sunday,6:21 PM,1369,3.97,"Hendrix St, Brooklyn, NY, US","Park Pl, Brooklyn, NY, US",5,0.00,0,0.00,4.52